id,participant_id,timestamp,condition_id,frame_type,loss_frame,trial_count,hits,near_misses,losses,age,gender,bdm_course_member,record_type,desired_rounds_next_time,improvement_confidence,learning_potential,expected_success,app_download_likelihood,confidence_impact,feedback_credibility,self_rated_accuracy,final_round_closeness,frustration,motivation,luck_vs_skill,is_dev,mediator_composite,wants_more_rounds
17,P11371,2026-03-05 17:39:07.891312,skill_near_miss,skill,near_miss,5,0,2,3,30,male,False,summary,3,5,5,1,1,5,5,5,5,7,5,5,False,5.0,True
72,P11767,2026-03-07 06:17:26.631511,luck_near_miss,luck,near_miss,5,0,2,3,24,male,False,summary,2,6,2,3,3,1,5,4,5,4,4,1,False,4.0,True
68,P15832,2026-03-06 21:55:59.015826,luck_clear_loss,luck,clear_loss,5,1,0,4,45,female,False,summary,5,1,1,1,1,1,5,1,1,6,3,1,False,1.0,True
59,P15919,2026-03-06 19:42:00.963648,skill_near_miss,skill,near_miss,5,2,2,1,30,male,False,summary,3,3,5,4,1,3,3,4,5,5,6,2,False,4.0,True
40,P17108,2026-03-06 13:54:17.391957,skill_near_miss,skill,near_miss,5,0,2,3,24,male,False,summary,0,7,7,4,4,6,2,3,3,5,6,2,False,7.0,False
88,P17527,2026-03-07 17:07:11.595641,luck_near_miss,luck,near_miss,5,0,2,3,28,female,True,summary,2,5,2,3,7,1,4,2,6,6,6,1,False,3.5,True
67,P18871,2026-03-06 21:32:30.847159,skill_near_miss,skill,near_miss,5,0,2,3,24,female,False,summary,2,1,2,2,1,1,1,1,3,5,3,1,False,1.5,True
42,P19978,2026-03-06 14:28:29.313705,skill_clear_loss,skill,clear_loss,5,0,0,5,28,female,False,summary,1,1,3,1,1,3,1,1,1,2,1,7,False,2.0,True
66,P20334,2026-03-06 21:25:08.328493,luck_clear_loss,luck,clear_loss,5,0,0,5,48,male,True,summary,0,1,1,0,1,1,1,1,1,1,1,1,False,1.0,False
81,P21453,2026-03-07 12:58:52.132262,luck_near_miss,luck,near_miss,5,0,2,3,24,female,True,summary,3,4,5,7,6,6,5,5,6,6,5,6,False,4.5,True
76,P21617,2026-03-07 09:21:36.172152,luck_clear_loss,luck,clear_loss,5,0,0,5,24,male,False,summary,0,5,1,2,1,1,1,3,3,3,3,2,False,3.0,False
53,P22181,2026-03-06 19:04:10.779039,skill_near_miss,skill,near_miss,5,0,2,3,25,male,False,summary,0,3,7,2,1,6,6,3,2,1,2,6,False,5.0,False
73,P23515,2026-03-07 06:47:30.264878,skill_clear_loss,skill,clear_loss,5,0,0,5,45,female,False,summary,5,2,2,3,1,1,3,2,4,2,4,2,False,2.0,True
15,P24363,2026-03-05 17:15:02.599454,luck_clear_loss,luck,clear_loss,5,1,0,4,23,male,False,summary,0,1,1,2,1,1,4,4,1,4,4,1,False,1.0,False
36,P26335,2026-03-06 13:19:26.789058,luck_near_miss,luck,near_miss,5,0,2,3,24,female,False,summary,1,1,1,2,3,1,4,5,4,5,1,1,False,1.0,True
24,P26586,2026-03-05 18:34:10.937540,skill_clear_loss,skill,clear_loss,5,0,0,5,25,female,False,summary,5,2,5,3,4,7,3,5,6,5,7,4,False,3.5,True
80,P26754,2026-03-07 11:38:44.803218,skill_near_miss,skill,near_miss,5,0,2,3,26,male,True,summary,0,2,3,1,1,2,1,1,1,4,2,3,False,2.5,False
18,P27147,2026-03-05 17:39:28.051848,luck_clear_loss,luck,clear_loss,5,2,0,3,26,female,False,summary,0,1,2,0,1,1,4,1,3,7,1,7,False,1.5,False
41,P28287,2026-03-06 14:11:58.648506,luck_near_miss,luck,near_miss,5,2,2,1,25,female,False,summary,1,1,1,5,1,1,1,1,1,1,1,1,False,1.0,True
25,P30133,2026-03-05 19:16:58.324854,skill_near_miss,skill,near_miss,5,0,2,3,26,female,False,summary,2,3,4,3,1,6,6,3,4,3,4,5,False,3.5,True
20,P30243,2026-03-05 17:42:59.306125,skill_clear_loss,skill,clear_loss,5,0,0,5,56,female,False,summary,5,1,3,2,1,7,3,1,1,7,7,1,False,2.0,True
27,P30262,2026-03-05 19:55:26.253504,luck_near_miss,luck,near_miss,5,0,2,3,23,male,False,summary,5,5,1,2,2,1,5,5,6,4,3,1,False,3.0,True
63,P31126,2026-03-06 20:44:03.296555,skill_clear_loss,skill,clear_loss,5,2,0,3,22,female,True,summary,2,2,5,5,5,4,5,3,2,3,4,3,False,3.5,True
58,P31574,2026-03-06 19:20:51.054692,luck_near_miss,luck,near_miss,5,1,2,2,18,male,False,summary,0,2,1,1,1,1,2,4,4,1,1,1,False,1.5,False
79,P32448,2026-03-07 10:21:24.025041,skill_clear_loss,skill,clear_loss,5,0,0,5,23,male,False,summary,4,4,3,1,1,3,6,2,3,5,6,4,False,3.5,True
50,P33963,2026-03-06 18:49:18.507846,luck_near_miss,luck,near_miss,5,0,2,3,25,male,False,summary,5,5,2,2,4,3,5,5,4,4,4,2,False,3.5,True
37,P35102,2026-03-06 13:19:42.850707,skill_near_miss,skill,near_miss,5,0,2,3,25,male,False,summary,0,7,7,0,1,1,1,1,1,4,1,1,False,7.0,False
54,P35424,2026-03-06 19:06:10.878087,skill_near_miss,skill,near_miss,5,1,2,2,19,female,False,summary,3,2,6,5,1,7,3,4,5,4,5,6,False,4.0,True
51,P35859,2026-03-06 18:49:28.956610,luck_clear_loss,luck,clear_loss,5,1,0,4,25,male,False,summary,5,3,1,3,4,1,1,1,1,1,4,1,False,2.0,True
29,P35952,2026-03-06 05:07:56.274405,skill_clear_loss,skill,clear_loss,5,0,0,5,23,male,False,summary,0,2,3,1,2,2,4,2,3,2,1,2,False,2.5,False
57,P36643,2026-03-06 19:20:50.530098,skill_clear_loss,skill,clear_loss,5,0,0,5,23,female,False,summary,2,4,6,3,5,7,5,4,4,2,5,6,False,5.0,True
4,P36662,2026-03-05 15:28:47.764446,skill_near_miss,skill,near_miss,5,1,2,2,23,female,True,summary,2,2,5,3,3,4,2,2,1,3,4,6,False,3.5,True
71,P37902,2026-03-07 01:02:03.641292,skill_near_miss,skill,near_miss,5,1,2,2,25,female,False,summary,3,5,7,5,2,4,7,4,4,4,6,5,False,6.0,True
55,P38368,2026-03-06 19:07:16.449467,luck_clear_loss,luck,clear_loss,5,1,0,4,18,female,False,summary,1,1,2,2,2,3,6,3,4,5,6,1,False,1.5,True
19,P39073,2026-03-05 17:42:37.748252,luck_near_miss,luck,near_miss,5,1,2,2,23,male,False,summary,0,1,1,2,1,1,1,1,1,3,1,1,False,1.0,False
69,P40059,2026-03-06 22:14:35.051468,skill_near_miss,skill,near_miss,5,0,2,3,28,male,False,summary,1,3,5,3,1,2,2,2,5,7,3,3,False,4.0,True
93,P41860,2026-03-08 04:41:24.851492,skill_clear_loss,skill,clear_loss,5,0,0,5,52,female,False,summary,1,1,2,1,1,2,5,1,1,2,2,5,False,1.5,True
8,P42594,2026-03-05 16:45:34.429759,luck_near_miss,luck,near_miss,5,1,2,2,23,male,False,summary,0,1,1,2,1,1,1,1,1,1,1,1,False,1.0,False
22,P43818,2026-03-05 17:58:51.467493,skill_clear_loss,skill,clear_loss,5,0,0,5,57,male,False,summary,0,1,7,10,1,3,2,2,1,7,1,7,False,4.0,False
84,P45372,2026-03-07 13:47:54.091828,skill_near_miss,skill,near_miss,5,0,2,3,57,male,False,summary,3,2,2,3,1,2,3,2,2,1,3,2,False,2.0,True
13,P46422,2026-03-05 17:00:07.393636,skill_clear_loss,skill,clear_loss,5,1,0,4,57,male,False,summary,1,2,4,1,3,5,5,4,4,3,5,4,False,3.0,True
26,P46661,2026-03-05 19:45:45.116595,luck_clear_loss,luck,clear_loss,5,1,0,4,33,female,False,summary,3,1,3,2,1,2,3,1,5,7,5,2,False,2.0,True
94,P46983,2026-03-08 04:52:28.614785,skill_clear_loss,skill,clear_loss,5,0,0,5,59,male,False,summary,2,3,3,1,7,7,7,1,5,1,1,7,False,3.0,True
44,P47795,2026-03-06 15:37:53.490408,skill_near_miss,skill,near_miss,5,1,2,2,26,male,False,summary,0,2,5,2,1,2,2,1,2,4,2,2,False,3.5,False
90,P48292,2026-03-07 17:39:04.647269,skill_near_miss,skill,near_miss,5,0,2,3,30,female,True,summary,0,1,1,1,1,1,1,1,1,5,1,1,False,1.0,False
9,P49036,2026-03-05 16:45:37.141902,skill_clear_loss,skill,clear_loss,5,0,0,5,60,female,False,summary,5,2,4,0,7,2,7,1,1,3,3,3,False,3.0,True
85,P50125,2026-03-07 15:05:19.442877,skill_clear_loss,skill,clear_loss,5,2,0,3,34,female,False,summary,0,2,2,1,1,3,2,2,2,2,2,6,False,2.0,False
21,P50780,2026-03-05 17:43:50.494403,skill_near_miss,skill,near_miss,5,0,2,3,73,male,False,summary,2,1,2,2,4,3,3,2,3,2,3,4,False,1.5,True
6,P51725,2026-03-05 15:58:51.704377,luck_near_miss,luck,near_miss,5,0,2,3,24,male,True,summary,1,2,1,1,1,1,5,3,7,6,2,1,False,1.5,True
48,P53432,2026-03-06 18:47:53.805606,luck_clear_loss,luck,clear_loss,5,1,0,4,21,female,False,summary,2,3,1,2,2,1,5,4,1,2,5,1,False,2.0,True
82,P53524,2026-03-07 13:01:04.586915,luck_near_miss,luck,near_miss,5,0,2,3,29,male,False,summary,5,4,1,9,2,1,2,5,6,4,7,1,False,2.5,True
78,P54708,2026-03-07 09:41:49.984868,luck_clear_loss,luck,clear_loss,5,0,0,5,24,male,False,summary,2,3,2,2,1,1,1,1,3,2,2,1,False,2.5,True
65,P54923,2026-03-06 21:04:17.592356,luck_near_miss,luck,near_miss,5,1,2,2,67,female,False,summary,5,3,1,5,4,1,2,3,4,4,4,1,False,2.0,True
23,P55916,2026-03-05 18:27:06.694770,luck_near_miss,luck,near_miss,5,2,2,1,26,female,False,summary,1,1,1,4,1,1,5,6,6,1,2,1,False,1.0,True
56,P57826,2026-03-06 19:17:17.226228,luck_near_miss,luck,near_miss,5,0,2,3,23,male,False,summary,5,5,4,3,1,4,5,4,5,1,6,2,False,4.5,True
38,P57917,2026-03-06 13:22:51.038931,luck_clear_loss,luck,clear_loss,5,1,0,4,25,male,False,summary,5,4,1,3,1,1,3,2,3,5,5,1,False,2.5,True
45,P58438,2026-03-06 16:08:27.100813,luck_clear_loss,luck,clear_loss,5,0,0,5,27,male,False,summary,5,7,2,1,2,1,1,3,5,5,4,1,False,4.5,True
10,P62638,2026-03-05 16:45:55.368413,luck_near_miss,luck,near_miss,5,0,2,3,23,male,False,summary,5,1,1,2,3,1,1,3,1,4,7,1,False,1.0,True
28,P62672,2026-03-05 20:06:29.168928,luck_clear_loss,luck,clear_loss,5,0,0,5,23,male,False,summary,0,1,1,0,1,1,1,1,1,1,1,1,False,1.0,False
2,P63232,2026-03-05 15:11:59.143756,luck_near_miss,luck,near_miss,5,0,2,3,27,male,False,summary,0,1,1,1,7,7,1,1,1,7,1,1,False,1.0,False
32,P64641,2026-03-06 12:59:36.138423,skill_near_miss,skill,near_miss,5,0,2,3,57,female,False,summary,5,5,6,2,1,2,6,1,1,2,7,1,False,5.5,True
49,P64831,2026-03-06 18:48:12.236615,skill_near_miss,skill,near_miss,5,0,2,3,26,male,False,summary,3,6,5,4,2,4,3,6,6,5,6,4,False,5.5,True
77,P65491,2026-03-07 09:35:58.422146,skill_near_miss,skill,near_miss,5,2,2,1,22,female,False,summary,2,6,7,7,2,3,7,7,7,6,6,5,False,6.5,True
60,P66533,2026-03-06 19:48:15.238657,skill_clear_loss,skill,clear_loss,5,0,0,5,24,male,False,summary,0,1,4,1,1,2,2,1,2,1,3,1,False,2.5,False
7,P74278,2026-03-05 16:44:53.352725,luck_clear_loss,luck,clear_loss,5,1,0,4,23,male,False,summary,5,5,1,1,5,1,1,2,1,5,5,1,False,3.0,True
89,P74789,2026-03-07 17:14:17.497252,skill_clear_loss,skill,clear_loss,5,1,0,4,24,male,False,summary,5,7,7,2,1,6,2,4,5,1,7,1,False,7.0,True
86,P75068,2026-03-07 15:11:49.162528,skill_near_miss,skill,near_miss,5,0,2,3,18,female,False,summary,5,7,6,5,5,7,4,7,3,5,7,7,False,6.5,True
61,P77417,2026-03-06 20:31:14.208675,luck_clear_loss,luck,clear_loss,5,1,0,4,26,male,True,summary,2,2,1,2,1,1,4,2,2,3,2,1,False,1.5,True
30,P79424,2026-03-06 12:46:58.032789,skill_clear_loss,skill,clear_loss,5,1,0,4,27,female,False,summary,3,3,2,4,1,2,4,5,2,7,7,5,False,2.5,True
39,P81438,2026-03-06 13:27:28.372933,luck_clear_loss,luck,clear_loss,5,0,0,5,25,female,False,summary,5,2,1,2,7,1,5,6,4,7,7,1,False,1.5,True
34,P82680,2026-03-06 13:18:20.868394,skill_clear_loss,skill,clear_loss,5,0,0,5,25,male,False,summary,3,2,5,0,1,1,2,3,7,3,3,3,False,3.5,True
3,P83554,2026-03-05 15:18:06.596517,skill_clear_loss,skill,clear_loss,5,0,0,5,22,female,False,summary,3,6,7,4,2,6,6,4,5,7,7,5,False,6.5,True
52,P83648,2026-03-06 19:02:34.559105,skill_clear_loss,skill,clear_loss,5,0,0,5,44,female,False,summary,3,2,2,1,3,2,2,2,2,1,3,2,False,2.0,True
46,P84258,2026-03-06 17:17:53.733100,luck_near_miss,luck,near_miss,5,1,2,2,22,male,False,summary,1,2,1,1,2,1,2,3,2,4,3,1,False,1.5,True
31,P84532,2026-03-06 12:56:37.335532,luck_near_miss,luck,near_miss,5,0,2,3,48,male,True,summary,0,1,1,1,1,1,3,1,1,1,2,1,False,1.0,False
5,P85617,2026-03-05 15:29:24.124351,luck_clear_loss,luck,clear_loss,5,1,0,4,24,male,False,summary,2,2,2,2,1,1,5,2,4,5,3,1,False,2.0,True
83,P85878,2026-03-07 13:05:47.985468,luck_clear_loss,luck,clear_loss,5,1,0,4,29,male,True,summary,0,1,1,1,1,1,4,1,1,1,1,1,False,1.0,False
91,P85905,2026-03-07 18:13:11.287169,luck_clear_loss,luck,clear_loss,5,2,0,3,27,male,False,summary,0,2,1,2,1,1,1,1,2,1,1,1,False,1.5,False
43,P86100,2026-03-06 14:50:47.912785,skill_clear_loss,skill,clear_loss,5,2,0,3,29,female,False,summary,0,5,6,4,1,5,6,5,4,5,2,4,False,5.5,False
33,P90746,2026-03-06 13:12:01.268501,luck_clear_loss,luck,clear_loss,5,0,0,5,22,female,True,summary,0,1,1,1,1,1,3,4,2,7,2,1,False,1.0,False
47,P91890,2026-03-06 18:47:33.319198,skill_clear_loss,skill,clear_loss,5,0,0,5,24,female,False,summary,5,6,3,1,1,4,6,2,2,7,6,3,False,4.5,True
70,P93156,2026-03-06 23:09:24.117298,luck_clear_loss,luck,clear_loss,5,0,0,5,26,male,False,summary,0,4,1,2,1,1,1,4,4,1,1,1,False,2.5,False
87,P94038,2026-03-07 16:21:32.090469,luck_clear_loss,luck,clear_loss,5,0,0,5,30,female,False,summary,3,4,6,1,1,1,1,1,2,6,5,1,False,5.0,True
74,P94137,2026-03-07 08:39:15.368818,skill_clear_loss,skill,clear_loss,5,0,0,5,58,female,False,summary,5,7,7,1,1,7,5,4,6,7,7,5,False,7.0,True
62,P97505,2026-03-06 20:38:48.805016,luck_near_miss,luck,near_miss,5,0,2,3,25,male,False,summary,0,1,1,6,1,1,1,7,5,1,4,1,False,1.0,False
75,P98472,2026-03-07 08:48:41.114881,luck_near_miss,luck,near_miss,5,0,2,3,58,male,False,summary,0,7,6,2,1,2,6,1,1,7,1,5,False,6.5,False
16,P99531,2026-03-05 17:36:40.799814,skill_near_miss,skill,near_miss,5,0,2,3,61,male,False,summary,3,1,1,1,1,1,1,1,2,2,2,3,False,1.0,True
92,P99785,2026-03-07 20:30:57.869049,luck_near_miss,luck,near_miss,5,0,2,3,25,female,False,summary,2,3,4,1,3,2,1,3,3,7,1,1,False,3.5,True
64,P99822,2026-03-06 21:00:53.766674,skill_near_miss,skill,near_miss,5,0,2,3,26,male,False,summary,5,5,4,4,4,7,5,5,7,5,6,5,False,4.5,True
