id,participant_id,timestamp,start_time,end_time,condition_id,frame_type,loss_frame,is_dev,completed
2,P63232,2026-03-05T15:10:16.465578,2026-03-05T15:10:16.465578,2026-03-05T15:11:59.143742,luck_near_miss,luck,near_miss,FALSE,TRUE
3,P83554,2026-03-05T15:15:26.548541,2026-03-05T15:15:26.548541,2026-03-05T15:18:06.596501,skill_clear_loss,skill,clear_loss,FALSE,TRUE
4,P36662,2026-03-05T15:26:10.744403,2026-03-05T15:26:10.744403,2026-03-05T15:28:47.764432,skill_near_miss,skill,near_miss,FALSE,TRUE
5,P85617,2026-03-05T15:26:59.062431,2026-03-05T15:26:59.062431,2026-03-05T15:29:24.124334,luck_clear_loss,luck,clear_loss,FALSE,TRUE
6,P81245,2026-03-05T15:29:07.571767,2026-03-05T15:29:07.571767,,skill_clear_loss,skill,clear_loss,FALSE,FALSE
7,P57067,2026-03-05T15:32:15.391513,2026-03-05T15:32:15.391513,,skill_near_miss,skill,near_miss,FALSE,FALSE
8,P51725,2026-03-05T15:55:41.600616,2026-03-05T15:55:41.600616,2026-03-05T15:58:51.704363,luck_near_miss,luck,near_miss,FALSE,TRUE
9,P36088,2026-03-05T16:06:43.615296,2026-03-05T16:06:43.615296,,luck_clear_loss,luck,clear_loss,FALSE,FALSE
10,P76568,2026-03-05T16:22:25.752577,2026-03-05T16:22:25.752577,,skill_near_miss,skill,near_miss,FALSE,FALSE
11,P49036,2026-03-05T16:41:05.243735,2026-03-05T16:41:05.243735,2026-03-05T16:45:37.141890,skill_clear_loss,skill,clear_loss,FALSE,TRUE
12,P74278,2026-03-05T16:41:55.505145,2026-03-05T16:41:55.505145,2026-03-05T16:44:53.352707,luck_clear_loss,luck,clear_loss,FALSE,TRUE
13,P42594,2026-03-05T16:43:16.615073,2026-03-05T16:43:16.615073,2026-03-05T16:45:34.429746,luck_near_miss,luck,near_miss,FALSE,TRUE
14,P62638,2026-03-05T16:43:42.542438,2026-03-05T16:43:42.542438,2026-03-05T16:45:55.368399,luck_near_miss,luck,near_miss,FALSE,TRUE
15,P46422,2026-03-05T16:56:40.024449,2026-03-05T16:56:40.024449,2026-03-05T17:00:07.698712,skill_clear_loss,skill,clear_loss,FALSE,TRUE
16,P24363,2026-03-05T17:11:59.432921,2026-03-05T17:11:59.432921,2026-03-05T17:15:02.599441,luck_clear_loss,luck,clear_loss,FALSE,TRUE
17,P99531,2026-03-05T17:31:25.734038,2026-03-05T17:31:25.734038,2026-03-05T17:36:40.799803,skill_near_miss,skill,near_miss,FALSE,TRUE
18,P11371,2026-03-05T17:37:16.458087,2026-03-05T17:37:16.458087,2026-03-05T17:39:07.891299,skill_near_miss,skill,near_miss,FALSE,TRUE
19,P27147,2026-03-05T17:37:35.328367,2026-03-05T17:37:35.328367,2026-03-05T17:39:28.051837,luck_clear_loss,luck,clear_loss,FALSE,TRUE
20,P30243,2026-03-05T17:39:10.488906,2026-03-05T17:39:10.488906,2026-03-05T17:42:59.306114,skill_clear_loss,skill,clear_loss,FALSE,TRUE
21,P39073,2026-03-05T17:40:08.104205,2026-03-05T17:40:08.104205,2026-03-05T17:42:37.748236,luck_near_miss,luck,near_miss,FALSE,TRUE
22,P50780,2026-03-05T17:40:36.995451,2026-03-05T17:40:36.995451,2026-03-05T17:43:50.494389,skill_near_miss,skill,near_miss,FALSE,TRUE
23,P43818,2026-03-05T17:55:24.841623,2026-03-05T17:55:24.841623,2026-03-05T17:58:51.467481,skill_clear_loss,skill,clear_loss,FALSE,TRUE
24,P55916,2026-03-05T18:21:02.067337,2026-03-05T18:21:02.067337,2026-03-05T18:27:06.694755,luck_near_miss,luck,near_miss,FALSE,TRUE
25,P42020,2026-03-05T18:28:08.068689,2026-03-05T18:28:08.068689,,luck_clear_loss,luck,clear_loss,FALSE,FALSE
26,P90254,2026-03-05T18:28:34.723306,2026-03-05T18:28:34.723306,,luck_near_miss,luck,near_miss,FALSE,FALSE
27,P26586,2026-03-05T18:30:11.422516,2026-03-05T18:30:11.422516,2026-03-05T18:34:10.937529,skill_clear_loss,skill,clear_loss,FALSE,TRUE
34,P30133,2026-03-05T19:14:46.913499,2026-03-05T19:14:46.913499,2026-03-05T19:16:58.324837,skill_near_miss,skill,near_miss,FALSE,TRUE
50,P46661,2026-03-05T19:42:54.125634,2026-03-05T19:42:54.125634,2026-03-05T19:45:45.116583,luck_clear_loss,luck,clear_loss,FALSE,TRUE
66,P30262,2026-03-05T19:53:03.365230,2026-03-05T19:53:03.365230,2026-03-05T19:55:26.253490,luck_near_miss,luck,near_miss,FALSE,TRUE
67,P62672,2026-03-05T20:03:36.100433,2026-03-05T20:03:36.100433,2026-03-05T20:06:29.168915,luck_clear_loss,luck,clear_loss,FALSE,TRUE
68,P35952,2026-03-06T05:04:40.718254,2026-03-06T05:04:40.718254,2026-03-06T05:07:56.274390,skill_clear_loss,skill,clear_loss,FALSE,TRUE
69,P96058,2026-03-06T11:06:36.583911,2026-03-06T11:06:36.583911,,skill_near_miss,skill,near_miss,FALSE,FALSE
70,P79424,2026-03-06T12:44:17.815310,2026-03-06T12:44:17.815310,2026-03-06T12:46:58.032774,skill_clear_loss,skill,clear_loss,FALSE,TRUE
71,P84532,2026-03-06T12:53:48.818028,2026-03-06T12:53:48.818028,2026-03-06T12:56:37.335518,luck_near_miss,luck,near_miss,FALSE,TRUE
72,P64641,2026-03-06T12:55:15.102543,2026-03-06T12:55:15.102543,2026-03-06T12:59:36.138410,skill_near_miss,skill,near_miss,FALSE,TRUE
74,P90746,2026-03-06T13:09:44.695654,2026-03-06T13:09:44.695654,2026-03-06T13:12:01.268480,luck_clear_loss,luck,clear_loss,FALSE,TRUE
82,P82680,2026-03-06T13:16:53.001443,2026-03-06T13:16:53.001443,2026-03-06T13:18:21.061555,skill_clear_loss,skill,clear_loss,FALSE,TRUE
83,P26335,2026-03-06T13:16:59.494964,2026-03-06T13:16:59.494964,2026-03-06T13:19:26.789045,luck_near_miss,luck,near_miss,FALSE,TRUE
84,P35102,2026-03-06T13:17:26.745419,2026-03-06T13:17:26.745419,2026-03-06T13:19:42.850691,skill_near_miss,skill,near_miss,FALSE,TRUE
85,P81438,2026-03-06T13:19:27.839559,2026-03-06T13:19:27.839559,2026-03-06T13:27:28.372917,luck_clear_loss,luck,clear_loss,FALSE,TRUE
86,P57917,2026-03-06T13:19:35.411127,2026-03-06T13:19:35.411127,2026-03-06T13:22:51.038918,luck_clear_loss,luck,clear_loss,FALSE,TRUE
87,P17108,2026-03-06T13:52:28.024823,2026-03-06T13:52:28.024823,2026-03-06T13:54:17.391943,skill_near_miss,skill,near_miss,FALSE,TRUE
88,P28287,2026-03-06T14:10:07.615643,2026-03-06T14:10:07.615643,2026-03-06T14:11:58.648496,luck_near_miss,luck,near_miss,FALSE,TRUE
89,P19978,2026-03-06T14:26:05.705234,2026-03-06T14:26:05.705234,2026-03-06T14:28:29.313692,skill_clear_loss,skill,clear_loss,FALSE,TRUE
90,P86100,2026-03-06T14:47:59.265204,2026-03-06T14:47:59.265204,2026-03-06T14:50:47.912774,skill_clear_loss,skill,clear_loss,FALSE,TRUE
91,P47795,2026-03-06T15:35:48.608149,2026-03-06T15:35:48.608149,2026-03-06T15:37:53.490398,skill_near_miss,skill,near_miss,FALSE,TRUE
92,P58438,2026-03-06T16:06:12.106619,2026-03-06T16:06:12.106619,2026-03-06T16:08:27.100798,luck_clear_loss,luck,clear_loss,FALSE,TRUE
93,P84258,2026-03-06T17:15:01.272141,2026-03-06T17:15:01.272141,2026-03-06T17:17:53.733091,luck_near_miss,luck,near_miss,FALSE,TRUE
94,P99185,2026-03-06T18:45:02.982115,2026-03-06T18:45:02.982115,,luck_near_miss,luck,near_miss,FALSE,FALSE
95,P53432,2026-03-06T18:45:23.495191,2026-03-06T18:45:23.495191,2026-03-06T18:47:53.805595,luck_clear_loss,luck,clear_loss,FALSE,TRUE
96,P91890,2026-03-06T18:45:40.046806,2026-03-06T18:45:40.046806,2026-03-06T18:47:33.319187,skill_clear_loss,skill,clear_loss,FALSE,TRUE
97,P64831,2026-03-06T18:46:09.912289,2026-03-06T18:46:09.912289,2026-03-06T18:48:12.236600,skill_near_miss,skill,near_miss,FALSE,TRUE
98,P35859,2026-03-06T18:46:18.867679,2026-03-06T18:46:18.867679,2026-03-06T18:49:28.956596,luck_clear_loss,luck,clear_loss,FALSE,TRUE
99,P33963,2026-03-06T18:46:23.230655,2026-03-06T18:46:23.230655,2026-03-06T18:49:18.507834,luck_near_miss,luck,near_miss,FALSE,TRUE
100,P83648,2026-03-06T18:59:02.450494,2026-03-06T18:59:02.450494,2026-03-06T19:02:34.559093,skill_clear_loss,skill,clear_loss,FALSE,TRUE
101,P35424,2026-03-06T19:01:45.411603,2026-03-06T19:01:45.411603,2026-03-06T19:06:10.878074,skill_near_miss,skill,near_miss,FALSE,TRUE
102,P94827,2026-03-06T19:01:49.150185,2026-03-06T19:01:49.150185,,skill_clear_loss,skill,clear_loss,FALSE,FALSE
103,P22181,2026-03-06T19:02:25.749379,2026-03-06T19:02:25.749379,2026-03-06T19:04:10.779023,skill_near_miss,skill,near_miss,FALSE,TRUE
104,P38368,2026-03-06T19:03:24.600350,2026-03-06T19:03:24.600350,2026-03-06T19:07:16.449453,luck_clear_loss,luck,clear_loss,FALSE,TRUE
105,P57826,2026-03-06T19:14:31.195739,2026-03-06T19:14:31.195739,2026-03-06T19:17:17.226214,luck_near_miss,luck,near_miss,FALSE,TRUE
106,P31574,2026-03-06T19:18:18.513986,2026-03-06T19:18:18.513986,2026-03-06T19:20:51.054656,luck_near_miss,luck,near_miss,FALSE,TRUE
107,P36643,2026-03-06T19:18:46.915276,2026-03-06T19:18:46.915276,2026-03-06T19:20:50.530085,skill_clear_loss,skill,clear_loss,FALSE,TRUE
108,P15919,2026-03-06T19:37:12.514649,2026-03-06T19:37:12.514649,2026-03-06T19:42:00.963635,skill_near_miss,skill,near_miss,FALSE,TRUE
109,P60791,2026-03-06T19:42:58.245479,2026-03-06T19:42:58.245479,,luck_clear_loss,luck,clear_loss,FALSE,FALSE
110,P19123,2026-03-06T19:43:39.302755,2026-03-06T19:43:39.302755,,luck_clear_loss,luck,clear_loss,FALSE,FALSE
111,P92823,2026-03-06T19:44:22.337261,2026-03-06T19:44:22.337261,,luck_near_miss,luck,near_miss,FALSE,FALSE
112,P22043,2026-03-06T19:44:37.470066,2026-03-06T19:44:37.470066,,skill_near_miss,skill,near_miss,FALSE,FALSE
113,P66533,2026-03-06T19:46:05.946816,2026-03-06T19:46:05.946816,2026-03-06T19:48:15.238645,skill_clear_loss,skill,clear_loss,FALSE,TRUE
114,P77417,2026-03-06T20:28:28.929610,2026-03-06T20:28:28.929610,2026-03-06T20:31:14.208664,luck_clear_loss,luck,clear_loss,FALSE,TRUE
115,P97505,2026-03-06T20:34:25.216051,2026-03-06T20:34:25.216051,2026-03-06T20:38:48.805002,luck_near_miss,luck,near_miss,FALSE,TRUE
116,P94639,2026-03-06T20:40:00.848314,2026-03-06T20:40:00.848314,,skill_near_miss,skill,near_miss,FALSE,FALSE
117,P31126,2026-03-06T20:42:11.258287,2026-03-06T20:42:11.258287,2026-03-06T20:44:03.296544,skill_clear_loss,skill,clear_loss,FALSE,TRUE
118,P99822,2026-03-06T20:58:49.807429,2026-03-06T20:58:49.807429,2026-03-06T21:00:53.766665,skill_near_miss,skill,near_miss,FALSE,TRUE
119,P54923,2026-03-06T21:00:46.241987,2026-03-06T21:00:46.241987,2026-03-06T21:04:17.592346,luck_near_miss,luck,near_miss,FALSE,TRUE
120,P20334,2026-03-06T21:23:14.306501,2026-03-06T21:23:14.306501,2026-03-06T21:25:08.328479,luck_clear_loss,luck,clear_loss,FALSE,TRUE
121,P18871,2026-03-06T21:30:49.295083,2026-03-06T21:30:49.295083,2026-03-06T21:32:30.847145,skill_near_miss,skill,near_miss,FALSE,TRUE
122,P15832,2026-03-06T21:49:53.174591,2026-03-06T21:49:53.174591,2026-03-06T21:55:59.015813,luck_clear_loss,luck,clear_loss,FALSE,TRUE
123,P40059,2026-03-06T22:11:29.204932,2026-03-06T22:11:29.204932,2026-03-06T22:14:35.051455,skill_near_miss,skill,near_miss,FALSE,TRUE
124,P93156,2026-03-06T23:06:52.150224,2026-03-06T23:06:52.150224,2026-03-06T23:09:24.117284,luck_clear_loss,luck,clear_loss,FALSE,TRUE
125,P37902,2026-03-07T00:59:45.200743,2026-03-07T00:59:45.200743,2026-03-07T01:02:03.641277,skill_near_miss,skill,near_miss,FALSE,TRUE
126,P11767,2026-03-07T06:12:42.184935,2026-03-07T06:12:42.184935,2026-03-07T06:17:26.631494,luck_near_miss,luck,near_miss,FALSE,TRUE
127,P23515,2026-03-07T06:45:13.548814,2026-03-07T06:45:13.548814,2026-03-07T06:47:30.264860,skill_clear_loss,skill,clear_loss,FALSE,TRUE
128,P94137,2026-03-07T08:34:37.198041,2026-03-07T08:34:37.198041,2026-03-07T08:39:15.368802,skill_clear_loss,skill,clear_loss,FALSE,TRUE
129,P15432,2026-03-07T08:39:48.656669,2026-03-07T08:39:48.656669,,luck_near_miss,luck,near_miss,FALSE,FALSE
130,P98472,2026-03-07T08:44:37.268038,2026-03-07T08:44:37.268038,2026-03-07T08:48:41.114868,luck_near_miss,luck,near_miss,FALSE,TRUE
131,P21617,2026-03-07T09:18:33.108515,2026-03-07T09:18:33.108515,2026-03-07T09:21:36.172139,luck_clear_loss,luck,clear_loss,FALSE,TRUE
132,P65491,2026-03-07T09:33:04.336919,2026-03-07T09:33:04.336919,2026-03-07T09:35:58.422137,skill_near_miss,skill,near_miss,FALSE,TRUE
133,P54708,2026-03-07T09:39:13.086279,2026-03-07T09:39:13.086279,2026-03-07T09:41:49.984859,luck_clear_loss,luck,clear_loss,FALSE,TRUE
134,P31013,2026-03-07T09:52:36.861097,2026-03-07T09:52:36.861097,,skill_clear_loss,skill,clear_loss,FALSE,FALSE
135,P49251,2026-03-07T09:54:43.987865,2026-03-07T09:54:43.987865,,luck_near_miss,luck,near_miss,FALSE,FALSE
136,P32448,2026-03-07T10:18:53.295585,2026-03-07T10:18:53.295585,2026-03-07T10:21:24.025026,skill_clear_loss,skill,clear_loss,FALSE,TRUE
137,P26754,2026-03-07T11:35:35.282919,2026-03-07T11:35:35.282919,2026-03-07T11:38:44.803205,skill_near_miss,skill,near_miss,FALSE,TRUE
138,P21453,2026-03-07T12:55:30.781167,2026-03-07T12:55:30.781167,2026-03-07T12:58:52.132248,luck_near_miss,luck,near_miss,FALSE,TRUE
139,P53524,2026-03-07T12:58:02.632797,2026-03-07T12:58:02.632797,2026-03-07T13:01:04.586904,luck_near_miss,luck,near_miss,FALSE,TRUE
140,P85878,2026-03-07T13:02:37.168421,2026-03-07T13:02:37.168421,2026-03-07T13:05:47.985455,luck_clear_loss,luck,clear_loss,FALSE,TRUE
141,P45372,2026-03-07T13:43:58.283314,2026-03-07T13:43:58.283314,2026-03-07T13:47:54.091818,skill_near_miss,skill,near_miss,FALSE,TRUE
142,P50125,2026-03-07T15:02:24.757746,2026-03-07T15:02:24.757746,2026-03-07T15:05:19.442866,skill_clear_loss,skill,clear_loss,FALSE,TRUE
143,P75068,2026-03-07T15:09:19.315219,2026-03-07T15:09:19.315219,2026-03-07T15:11:49.162517,skill_near_miss,skill,near_miss,FALSE,TRUE
144,P62643,2026-03-07T15:37:30.231359,2026-03-07T15:37:30.231359,,luck_near_miss,luck,near_miss,FALSE,FALSE
145,P94038,2026-03-07T16:18:09.623672,2026-03-07T16:18:09.623672,2026-03-07T16:21:32.090456,luck_clear_loss,luck,clear_loss,FALSE,TRUE
146,P17527,2026-03-07T17:02:03.930058,2026-03-07T17:02:03.930058,2026-03-07T17:07:11.595628,luck_near_miss,luck,near_miss,FALSE,TRUE
147,P74789,2026-03-07T17:10:41.193454,2026-03-07T17:10:41.193454,2026-03-07T17:14:17.497242,skill_clear_loss,skill,clear_loss,FALSE,TRUE
148,P48292,2026-03-07T17:36:03.045297,2026-03-07T17:36:03.045297,2026-03-07T17:39:04.647256,skill_near_miss,skill,near_miss,FALSE,TRUE
149,P85905,2026-03-07T18:08:51.413905,2026-03-07T18:08:51.413905,2026-03-07T18:13:11.287153,luck_clear_loss,luck,clear_loss,FALSE,TRUE
150,P99785,2026-03-07T20:28:24.421304,2026-03-07T20:28:24.421304,2026-03-07T20:30:57.869037,luck_near_miss,luck,near_miss,FALSE,TRUE
151,P41860,2026-03-08T04:38:19.888209,2026-03-08T04:38:19.888209,2026-03-08T04:41:24.851478,skill_clear_loss,skill,clear_loss,FALSE,TRUE
152,P46983,2026-03-08T04:49:27.071480,2026-03-08T04:49:27.071480,2026-03-08T04:52:28.614774,skill_clear_loss,skill,clear_loss,FALSE,TRUE
