id,participant_id,timestamp,condition_id,frame_type,loss_frame,wants_more_rounds,desired_rounds_next_time,improvement_confidence,learning_potential,expected_success,app_download_likelihood,confidence_impact,feedback_credibility,self_rated_accuracy,final_round_closeness,frustration,motivation,luck_vs_skill
2,P63232,2026-03-05T15:11:58.867161,luck_near_miss,luck,near_miss,false,0,1,1,1,7,7,1,1,1,7,1,1
3,P83554,2026-03-05T15:18:06.164684,skill_clear_loss,skill,clear_loss,true,3,6,7,4,2,6,6,4,5,7,7,5
4,P36662,2026-03-05T15:28:47.511147,skill_near_miss,skill,near_miss,true,2,2,5,3,3,4,2,2,1,3,4,6
5,P85617,2026-03-05T15:29:23.832030,luck_clear_loss,luck,clear_loss,true,2,2,2,2,1,1,5,2,4,5,3,1
6,P51725,2026-03-05T15:58:51.516091,luck_near_miss,luck,near_miss,true,1,2,1,1,1,1,5,3,7,6,2,1
7,P74278,2026-03-05T16:44:53.143106,luck_clear_loss,luck,clear_loss,true,5,5,1,1,5,1,1,2,1,5,5,1
8,P42594,2026-03-05T16:45:34.251555,luck_near_miss,luck,near_miss,false,0,1,1,2,1,1,1,1,1,1,1,1
9,P49036,2026-03-05T16:45:36.982327,skill_clear_loss,skill,clear_loss,true,5,2,4,0,7,2,7,1,1,3,3,3
10,P62638,2026-03-05T16:45:55.092332,luck_near_miss,luck,near_miss,true,5,1,1,2,3,1,1,3,1,4,7,1
11,P46422,2026-03-05T17:00:06.518325,skill_clear_loss,skill,clear_loss,true,1,2,4,1,3,5,5,4,4,3,5,4
15,P24363,2026-03-05T17:15:02.363322,luck_clear_loss,luck,clear_loss,false,0,1,1,2,1,1,4,4,1,4,4,1
16,P99531,2026-03-05T17:36:40.332601,skill_near_miss,skill,near_miss,true,3,1,1,1,1,1,1,1,2,2,2,3
17,P11371,2026-03-05T17:39:07.671138,skill_near_miss,skill,near_miss,true,3,5,5,1,1,5,5,5,5,7,5,5
18,P27147,2026-03-05T17:39:27.726984,luck_clear_loss,luck,clear_loss,false,0,1,2,0,1,1,4,1,3,7,1,7
19,P39073,2026-03-05T17:42:37.500091,luck_near_miss,luck,near_miss,false,0,1,1,2,1,1,1,1,1,3,1,1
20,P30243,2026-03-05T17:42:59.115556,skill_clear_loss,skill,clear_loss,true,5,1,3,2,1,7,3,1,1,7,7,1
21,P50780,2026-03-05T17:43:49.067122,skill_near_miss,skill,near_miss,true,2,1,2,2,4,3,3,2,3,2,3,4
22,P43818,2026-03-05T17:58:51.272609,skill_clear_loss,skill,clear_loss,false,0,1,7,10,1,3,2,2,1,7,1,7
23,P55916,2026-03-05T18:27:06.326911,luck_near_miss,luck,near_miss,true,1,1,1,4,1,1,5,6,6,1,2,1
24,P26586,2026-03-05T18:34:10.652749,skill_clear_loss,skill,clear_loss,true,5,2,5,3,4,7,3,5,6,5,7,4
25,P30133,2026-03-05T19:16:57.718858,skill_near_miss,skill,near_miss,true,2,3,4,3,1,6,6,3,4,3,4,5
40,P46661,2026-03-05T19:45:44.820697,luck_clear_loss,luck,clear_loss,true,3,1,3,2,1,2,3,1,5,7,5,2
47,P30262,2026-03-05T19:55:26.055688,luck_near_miss,luck,near_miss,true,5,5,1,2,2,1,5,5,6,4,3,1
48,P62672,2026-03-05T20:06:28.987314,luck_clear_loss,luck,clear_loss,false,0,1,1,0,1,1,1,1,1,1,1,1
49,P35952,2026-03-06T05:07:54.380608,skill_clear_loss,skill,clear_loss,false,0,2,3,1,2,2,4,2,3,2,1,2
50,P79424,2026-03-06T12:46:57.841477,skill_clear_loss,skill,clear_loss,true,3,3,2,4,1,2,4,5,2,7,7,5
51,P84532,2026-03-06T12:56:37.004450,luck_near_miss,luck,near_miss,false,0,1,1,1,1,1,3,1,1,1,2,1
52,P64641,2026-03-06T12:59:35.675233,skill_near_miss,skill,near_miss,true,5,5,6,2,1,2,6,1,1,2,7,1
53,P90746,2026-03-06T13:12:01.061130,luck_clear_loss,luck,clear_loss,false,0,1,1,1,1,1,3,4,2,7,2,1
54,P82680,2026-03-06T13:18:20.611007,skill_clear_loss,skill,clear_loss,true,3,2,5,0,1,1,2,3,7,3,3,3
56,P26335,2026-03-06T13:19:26.563158,luck_near_miss,luck,near_miss,true,1,1,1,2,3,1,4,5,4,5,1,1
57,P35102,2026-03-06T13:19:42.617406,skill_near_miss,skill,near_miss,false,0,7,7,0,1,1,1,1,1,4,1,1
58,P57917,2026-03-06T13:22:50.764137,luck_clear_loss,luck,clear_loss,true,5,4,1,3,1,1,3,2,3,5,5,1
59,P81438,2026-03-06T13:27:28.044208,luck_clear_loss,luck,clear_loss,true,5,2,1,2,7,1,5,6,4,7,7,1
60,P17108,2026-03-06T13:54:17.157228,skill_near_miss,skill,near_miss,false,0,7,7,4,4,6,2,3,3,5,6,2
61,P28287,2026-03-06T14:11:58.376261,luck_near_miss,luck,near_miss,true,1,1,1,5,1,1,1,1,1,1,1,1
62,P19978,2026-03-06T14:28:28.805169,skill_clear_loss,skill,clear_loss,true,1,1,3,1,1,3,1,1,1,2,1,7
63,P86100,2026-03-06T14:50:47.541278,skill_clear_loss,skill,clear_loss,false,0,5,6,4,1,5,6,5,4,5,2,4
64,P47795,2026-03-06T15:37:52.850760,skill_near_miss,skill,near_miss,false,0,2,5,2,1,2,2,1,2,4,2,2
65,P58438,2026-03-06T16:08:26.737657,luck_clear_loss,luck,clear_loss,true,5,7,2,1,2,1,1,3,5,5,4,1
66,P84258,2026-03-06T17:17:53.335295,luck_near_miss,luck,near_miss,true,1,2,1,1,2,1,2,3,2,4,3,1
67,P91890,2026-03-06T18:47:33.122864,skill_clear_loss,skill,clear_loss,true,5,6,3,1,1,4,6,2,2,7,6,3
68,P53432,2026-03-06T18:47:53.598796,luck_clear_loss,luck,clear_loss,true,2,3,1,2,2,1,5,4,1,2,5,1
69,P64831,2026-03-06T18:48:11.968785,skill_near_miss,skill,near_miss,true,3,6,5,4,2,4,3,6,6,5,6,4
70,P33963,2026-03-06T18:49:18.299705,luck_near_miss,luck,near_miss,true,5,5,2,2,4,3,5,5,4,4,4,2
71,P35859,2026-03-06T18:49:28.659482,luck_clear_loss,luck,clear_loss,true,5,3,1,3,4,1,1,1,1,1,4,1
72,P83648,2026-03-06T19:02:34.279064,skill_clear_loss,skill,clear_loss,true,3,2,2,1,3,2,2,2,2,1,3,2
73,P22181,2026-03-06T19:04:10.559049,skill_near_miss,skill,near_miss,false,0,3,7,2,1,6,6,3,2,1,2,6
74,P35424,2026-03-06T19:06:10.658712,skill_near_miss,skill,near_miss,true,3,2,6,5,1,7,3,4,5,4,5,6
75,P38368,2026-03-06T19:07:16.215514,luck_clear_loss,luck,clear_loss,true,1,1,2,2,2,3,6,3,4,5,6,1
76,P57826,2026-03-06T19:17:16.945624,luck_near_miss,luck,near_miss,true,5,5,4,3,1,4,5,4,5,1,6,2
77,P36643,2026-03-06T19:20:50.306732,skill_clear_loss,skill,clear_loss,true,2,4,6,3,5,7,5,4,4,2,5,6
78,P31574,2026-03-06T19:20:50.859241,luck_near_miss,luck,near_miss,false,0,2,1,1,1,1,2,4,4,1,1,1
79,P15919,2026-03-06T19:42:00.651351,skill_near_miss,skill,near_miss,true,3,3,5,4,1,3,3,4,5,5,6,2
80,P66533,2026-03-06T19:48:15.017209,skill_clear_loss,skill,clear_loss,false,0,1,4,1,1,2,2,1,2,1,3,1
81,P77417,2026-03-06T20:31:13.946170,luck_clear_loss,luck,clear_loss,true,2,2,1,2,1,1,4,2,2,3,2,1
82,P97505,2026-03-06T20:38:48.598429,luck_near_miss,luck,near_miss,false,0,1,1,6,1,1,1,7,5,1,4,1
83,P31126,2026-03-06T20:44:03.071648,skill_clear_loss,skill,clear_loss,true,2,2,5,5,5,4,5,3,2,3,4,3
84,P99822,2026-03-06T21:00:53.439834,skill_near_miss,skill,near_miss,true,5,5,4,4,4,7,5,5,7,5,6,5
85,P54923,2026-03-06T21:04:17.172345,luck_near_miss,luck,near_miss,true,5,3,1,5,4,1,2,3,4,4,4,1
86,P20334,2026-03-06T21:25:08.111314,luck_clear_loss,luck,clear_loss,false,0,1,1,0,1,1,1,1,1,1,1,1
87,P18871,2026-03-06T21:32:30.682898,skill_near_miss,skill,near_miss,true,2,1,2,2,1,1,1,1,3,5,3,1
88,P15832,2026-03-06T21:55:58.745019,luck_clear_loss,luck,clear_loss,true,5,1,1,1,1,1,5,1,1,6,3,1
89,P40059,2026-03-06T22:14:34.684973,skill_near_miss,skill,near_miss,true,1,3,5,3,1,2,2,2,5,7,3,3
90,P93156,2026-03-06T23:09:23.829559,luck_clear_loss,luck,clear_loss,false,0,4,1,2,1,1,1,4,4,1,1,1
91,P37902,2026-03-07T01:02:03.339296,skill_near_miss,skill,near_miss,true,3,5,7,5,2,4,7,4,4,4,6,5
92,P11767,2026-03-07T06:17:26.412956,luck_near_miss,luck,near_miss,true,2,6,2,3,3,1,5,4,5,4,4,1
93,P23515,2026-03-07T06:47:30.071084,skill_clear_loss,skill,clear_loss,true,5,2,2,3,1,1,3,2,4,2,4,2
94,P94137,2026-03-07T08:39:15.130524,skill_clear_loss,skill,clear_loss,true,5,7,7,1,1,7,5,4,6,7,7,5
95,P98472,2026-03-07T08:48:40.927927,luck_near_miss,luck,near_miss,false,0,7,6,2,1,2,6,1,1,7,1,5
96,P21617,2026-03-07T09:21:35.845096,luck_clear_loss,luck,clear_loss,false,0,5,1,2,1,1,1,3,3,3,3,2
97,P65491,2026-03-07T09:35:58.115268,skill_near_miss,skill,near_miss,true,2,6,7,7,2,3,7,7,7,6,6,5
98,P54708,2026-03-07T09:41:49.781457,luck_clear_loss,luck,clear_loss,true,2,3,2,2,1,1,1,1,3,2,2,1
99,P32448,2026-03-07T10:21:23.694567,skill_clear_loss,skill,clear_loss,true,4,4,3,1,1,3,6,2,3,5,6,4
100,P26754,2026-03-07T11:38:44.602820,skill_near_miss,skill,near_miss,false,0,2,3,1,1,2,1,1,1,4,2,3
101,P21453,2026-03-07T12:58:51.861929,luck_near_miss,luck,near_miss,true,3,4,5,7,6,6,5,5,6,6,5,6
102,P53524,2026-03-07T13:01:04.350848,luck_near_miss,luck,near_miss,true,5,4,1,9,2,1,2,5,6,4,7,1
103,P85878,2026-03-07T13:05:47.798800,luck_clear_loss,luck,clear_loss,false,0,1,1,1,1,1,4,1,1,1,1,1
104,P45372,2026-03-07T13:47:53.902629,skill_near_miss,skill,near_miss,true,3,2,2,3,1,2,3,2,2,1,3,2
105,P50125,2026-03-07T15:05:19.202635,skill_clear_loss,skill,clear_loss,false,0,2,2,1,1,3,2,2,2,2,2,6
106,P75068,2026-03-07T15:11:48.919114,skill_near_miss,skill,near_miss,true,5,7,6,5,5,7,4,7,3,5,7,7
107,P94038,2026-03-07T16:21:31.925862,luck_clear_loss,luck,clear_loss,true,3,4,6,1,1,1,1,1,2,6,5,1
108,P17527,2026-03-07T17:07:11.312606,luck_near_miss,luck,near_miss,true,2,5,2,3,7,1,4,2,6,6,6,1
109,P74789,2026-03-07T17:14:17.222116,skill_clear_loss,skill,clear_loss,true,5,7,7,2,1,6,2,4,5,1,7,1
110,P48292,2026-03-07T17:39:04.395155,skill_near_miss,skill,near_miss,false,0,1,1,1,1,1,1,1,1,5,1,1
111,P85905,2026-03-07T18:13:10.776538,luck_clear_loss,luck,clear_loss,false,0,2,1,2,1,1,1,1,2,1,1,1
112,P99785,2026-03-07T20:30:57.541616,luck_near_miss,luck,near_miss,true,2,3,4,1,3,2,1,3,3,7,1,1
113,P41860,2026-03-08T04:41:24.634655,skill_clear_loss,skill,clear_loss,true,1,1,2,1,1,2,5,1,1,2,2,5
114,P46983,2026-03-08T04:52:28.211881,skill_clear_loss,skill,clear_loss,true,2,3,3,1,7,7,7,1,5,1,1,7