id,participant_id,timestamp,condition_id,frame_type,loss_frame,trial_number,bar_position,target_zone_start,target_zone_end,distance_from_center,true_outcome,framed_outcome
6,P63232,2026-03-05T15:10:30.223537,luck_near_miss,luck,near_miss,1,67,21,29,42,loss,loss
7,P63232,2026-03-05T15:10:41.508686,luck_near_miss,luck,near_miss,2,6,66,74,36,loss,loss
8,P63232,2026-03-05T15:10:53.111371,luck_near_miss,luck,near_miss,3,11,65,73,42,loss,loss
9,P63232,2026-03-05T15:11:04.486478,luck_near_miss,luck,near_miss,4,54,45,53,5,near_miss,near_miss
10,P63232,2026-03-05T15:11:16.263696,luck_near_miss,luck,near_miss,5,25,26,34,5,near_miss,near_miss
11,P83554,2026-03-05T15:15:46.743011,skill_clear_loss,skill,clear_loss,1,8.17,34.19,44.19,31.02,loss,loss
12,P83554,2026-03-05T15:15:54.698313,skill_clear_loss,skill,clear_loss,2,95.6,40.8,50.8,49.8,loss,loss
13,P83554,2026-03-05T15:16:01.163255,skill_clear_loss,skill,clear_loss,3,3.71,32.51,42.51,33.8,loss,loss
14,P83554,2026-03-05T15:16:09.550804,skill_clear_loss,skill,clear_loss,4,15.37,37.22,47.22,26.85,loss,loss
15,P83554,2026-03-05T15:16:17.489915,skill_clear_loss,skill,clear_loss,5,3.71,42.44,52.44,43.72,loss,loss
16,P36662,2026-03-05T15:26:50.466248,skill_near_miss,skill,near_miss,1,41.77,38.07,48.07,1.3,hit,hit
17,P36662,2026-03-05T15:26:57.560747,skill_near_miss,skill,near_miss,2,62,30.68,40.68,26.32,loss,loss
18,P36662,2026-03-05T15:27:04.004159,skill_near_miss,skill,near_miss,3,79.14,44.38,54.38,29.76,loss,loss
19,P36662,2026-03-05T15:27:12.064695,skill_near_miss,skill,near_miss,4,97.31,45.11,55.11,47.2,loss,near_miss
20,P36662,2026-03-05T15:27:19.481163,skill_near_miss,skill,near_miss,5,66.8,32.18,42.18,29.62,loss,near_miss
21,P85617,2026-03-05T15:27:29.474429,luck_clear_loss,luck,clear_loss,1,46,39,47,3,hit,hit
22,P85617,2026-03-05T15:27:42.397848,luck_clear_loss,luck,clear_loss,2,66,22,30,40,loss,loss
23,P85617,2026-03-05T15:27:53.817718,luck_clear_loss,luck,clear_loss,3,94,47,55,43,loss,loss
24,P85617,2026-03-05T15:28:06.586766,luck_clear_loss,luck,clear_loss,4,96,52,60,40,loss,loss
25,P85617,2026-03-05T15:28:18.416216,luck_clear_loss,luck,clear_loss,5,11,64,72,43,loss,loss
26,P81245,2026-03-05T15:29:15.981933,skill_clear_loss,skill,clear_loss,1,9.89,33.99,43.99,29.1,loss,loss
27,P51725,2026-03-05T15:56:09.144556,luck_near_miss,luck,near_miss,1,67,23,31,40,loss,loss
28,P51725,2026-03-05T15:56:20.653822,luck_near_miss,luck,near_miss,2,61,24,32,33,loss,loss
29,P51725,2026-03-05T15:56:32.455622,luck_near_miss,luck,near_miss,3,75,27,35,44,loss,loss
30,P51725,2026-03-05T15:56:44.449191,luck_near_miss,luck,near_miss,4,50,41,49,5,near_miss,near_miss
31,P51725,2026-03-05T15:56:57.195251,luck_near_miss,luck,near_miss,5,15,16,24,5,near_miss,near_miss
32,P76568,2026-03-05T16:22:32.288512,skill_near_miss,skill,near_miss,1,4.74,33.05,43.05,33.31,loss,loss
33,P76568,2026-03-05T16:22:48.344027,skill_near_miss,skill,near_miss,2,15.03,36.89,46.89,26.86,loss,loss
34,P76568,2026-03-05T16:22:55.884371,skill_near_miss,skill,near_miss,3,66.46,46.85,56.85,14.61,near_miss,loss
35,P76568,2026-03-05T16:23:02.682731,skill_near_miss,skill,near_miss,4,61.66,45.48,55.48,11.17,near_miss,near_miss
36,P76568,2026-03-05T16:23:11.495817,skill_near_miss,skill,near_miss,5,58.91,45.59,55.59,8.33,near_miss,near_miss
37,P49036,2026-03-05T16:41:32.219783,skill_clear_loss,skill,clear_loss,1,73.66,45.1,55.1,23.55,loss,loss
38,P49036,2026-03-05T16:41:41.149131,skill_clear_loss,skill,clear_loss,2,37.31,43.2,53.2,10.88,near_miss,loss
39,P49036,2026-03-05T16:41:49.857440,skill_clear_loss,skill,clear_loss,3,35.94,48.46,58.46,17.52,near_miss,loss
40,P49036,2026-03-05T16:41:56.258612,skill_clear_loss,skill,clear_loss,4,49.31,48.14,58.14,3.82,hit,loss
41,P49036,2026-03-05T16:42:04.617118,skill_clear_loss,skill,clear_loss,5,40.06,47.02,57.02,11.96,near_miss,loss
42,P74278,2026-03-05T16:42:19.116666,luck_clear_loss,luck,clear_loss,1,37,32,40,1,hit,hit
43,P74278,2026-03-05T16:42:33.440804,luck_clear_loss,luck,clear_loss,2,5,66,74,35,loss,loss
44,P74278,2026-03-05T16:42:44.966051,luck_clear_loss,luck,clear_loss,3,16,72,80,40,loss,loss
45,P74278,2026-03-05T16:42:56.280368,luck_clear_loss,luck,clear_loss,4,21,68,76,49,loss,loss
46,P74278,2026-03-05T16:43:07.760120,luck_clear_loss,luck,clear_loss,5,4,67,75,33,loss,loss
47,P42594,2026-03-05T16:43:40.913738,luck_near_miss,luck,near_miss,1,71,65,73,2,hit,hit
48,P42594,2026-03-05T16:43:55.316621,luck_near_miss,luck,near_miss,2,85,39,47,42,loss,loss
49,P62638,2026-03-05T16:44:04.295182,luck_near_miss,luck,near_miss,1,2,49,57,49,loss,loss
50,P42594,2026-03-05T16:44:08.301155,luck_near_miss,luck,near_miss,3,73,18,26,49,loss,loss
51,P62638,2026-03-05T16:44:16.200229,luck_near_miss,luck,near_miss,2,15,67,75,44,loss,loss
52,P42594,2026-03-05T16:44:19.675917,luck_near_miss,luck,near_miss,4,54,55,63,5,near_miss,near_miss
53,P62638,2026-03-05T16:44:27.872933,luck_near_miss,luck,near_miss,3,99,51,59,44,loss,loss
54,P42594,2026-03-05T16:44:33.433211,luck_near_miss,luck,near_miss,5,28,19,27,5,near_miss,near_miss
55,P62638,2026-03-05T16:44:39.410024,luck_near_miss,luck,near_miss,4,59,50,58,5,near_miss,near_miss
56,P62638,2026-03-05T16:44:52.828343,luck_near_miss,luck,near_miss,5,47,48,56,5,near_miss,near_miss
57,P46422,2026-03-05T16:57:23.848142,skill_clear_loss,skill,clear_loss,1,78.11,41.42,51.42,31.69,loss,loss
58,P46422,2026-03-05T16:57:32.344933,skill_clear_loss,skill,clear_loss,2,43.14,42.19,52.19,4.04,hit,hit
59,P46422,2026-03-05T16:57:41.135272,skill_clear_loss,skill,clear_loss,3,72.63,49.28,59.28,18.35,near_miss,loss
60,P46422,2026-03-05T16:57:50.564608,skill_clear_loss,skill,clear_loss,4,85.31,33.59,43.59,46.72,loss,loss
61,P46422,2026-03-05T16:57:59.965567,skill_clear_loss,skill,clear_loss,5,49.66,44.58,54.58,0.08,hit,loss
62,P24363,2026-03-05T17:12:34.210310,luck_clear_loss,luck,clear_loss,1,15,63,71,48,loss,loss
63,P24363,2026-03-05T17:12:46.193152,luck_clear_loss,luck,clear_loss,2,37,33,41,0,hit,hit
64,P24363,2026-03-05T17:12:58.008760,luck_clear_loss,luck,clear_loss,3,71,32,40,35,loss,loss
65,P24363,2026-03-05T17:13:09.273278,luck_clear_loss,luck,clear_loss,4,93,54,62,35,loss,loss
66,P24363,2026-03-05T17:13:26.020410,luck_clear_loss,luck,clear_loss,5,91,54,62,33,loss,loss
67,P99531,2026-03-05T17:32:04.969860,skill_near_miss,skill,near_miss,1,92.51,38.65,48.65,48.86,loss,loss
68,P99531,2026-03-05T17:34:08.288221,skill_near_miss,skill,near_miss,2,41.09,49.52,59.52,13.44,near_miss,loss
69,P99531,2026-03-05T17:34:17.623443,skill_near_miss,skill,near_miss,3,29.09,45.8,55.8,21.72,loss,loss
70,P99531,2026-03-05T17:34:25.791372,skill_near_miss,skill,near_miss,4,17.09,46.13,56.13,34.04,loss,near_miss
71,P99531,2026-03-05T17:34:36.959339,skill_near_miss,skill,near_miss,5,62.69,47.27,57.27,10.42,near_miss,near_miss
72,P11371,2026-03-05T17:37:26.621620,skill_near_miss,skill,near_miss,1,73.31,31.05,41.05,37.26,loss,loss
73,P11371,2026-03-05T17:37:34.061033,skill_near_miss,skill,near_miss,2,15.03,39.58,49.58,29.55,loss,loss
74,P11371,2026-03-05T17:37:42.322714,skill_near_miss,skill,near_miss,3,96.97,41.23,51.23,50.74,loss,loss
75,P27147,2026-03-05T17:37:48.816925,luck_clear_loss,luck,clear_loss,1,72,65,73,3,hit,hit
76,P11371,2026-03-05T17:37:51.205055,skill_near_miss,skill,near_miss,4,20.17,33.37,43.37,18.19,near_miss,near_miss
77,P11371,2026-03-05T17:38:00.611986,skill_near_miss,skill,near_miss,5,22.23,32.72,42.72,15.49,near_miss,near_miss
78,P27147,2026-03-05T17:38:02.030478,luck_clear_loss,luck,clear_loss,2,73,71,79,2,hit,hit
79,P27147,2026-03-05T17:38:14.045282,luck_clear_loss,luck,clear_loss,3,63,23,31,36,loss,loss
80,P27147,2026-03-05T17:38:26.711676,luck_clear_loss,luck,clear_loss,4,69,29,37,36,loss,loss
81,P27147,2026-03-05T17:38:39.391790,luck_clear_loss,luck,clear_loss,5,3,49,57,50,loss,loss
82,P30243,2026-03-05T17:40:13.040049,skill_clear_loss,skill,clear_loss,1,59.26,35.61,45.61,18.65,near_miss,loss
83,P30243,2026-03-05T17:40:21.278022,skill_clear_loss,skill,clear_loss,2,38.34,45.98,55.98,12.63,near_miss,loss
84,P39073,2026-03-05T17:40:30.559616,luck_near_miss,luck,near_miss,1,76,39,47,33,loss,loss
85,P30243,2026-03-05T17:40:31.834855,skill_clear_loss,skill,clear_loss,3,29.43,36.87,46.87,12.44,near_miss,loss
86,P30243,2026-03-05T17:40:41.753513,skill_clear_loss,skill,clear_loss,4,37.31,33.98,43.98,1.67,hit,loss
87,P39073,2026-03-05T17:40:43.292522,luck_near_miss,luck,near_miss,2,59,58,66,3,hit,hit
88,P30243,2026-03-05T17:40:55.522726,skill_clear_loss,skill,clear_loss,5,47.94,41.69,51.69,1.25,hit,loss
89,P39073,2026-03-05T17:40:56.069068,luck_near_miss,luck,near_miss,3,79,38,46,37,loss,loss
90,P50780,2026-03-05T17:41:05.763867,skill_near_miss,skill,near_miss,1,21.54,42.09,52.09,25.55,loss,loss
91,P39073,2026-03-05T17:41:08.181704,luck_near_miss,luck,near_miss,4,25,16,24,5,near_miss,near_miss
92,P50780,2026-03-05T17:41:13.166026,skill_near_miss,skill,near_miss,2,18.46,36.89,46.89,23.43,loss,loss
93,P39073,2026-03-05T17:41:21.200693,luck_near_miss,luck,near_miss,5,28,29,37,5,near_miss,near_miss
94,P50780,2026-03-05T17:41:25.307814,skill_near_miss,skill,near_miss,3,25.66,41.36,51.36,20.7,loss,loss
95,P50780,2026-03-05T17:41:31.645135,skill_near_miss,skill,near_miss,4,28.06,41.07,51.07,18.02,near_miss,near_miss
96,P50780,2026-03-05T17:41:42.009055,skill_near_miss,skill,near_miss,5,69.54,32.93,42.93,31.61,loss,near_miss
97,P43818,2026-03-05T17:55:46.832346,skill_clear_loss,skill,clear_loss,1,78.8,33.38,43.38,40.42,loss,loss
98,P43818,2026-03-05T17:56:02.248798,skill_clear_loss,skill,clear_loss,2,50.69,32.47,42.47,13.22,near_miss,loss
99,P43818,2026-03-05T17:56:13.421036,skill_clear_loss,skill,clear_loss,3,89.77,40.76,50.76,44.01,loss,loss
100,P43818,2026-03-05T17:56:25.807748,skill_clear_loss,skill,clear_loss,4,76.06,40.1,50.1,30.96,loss,loss
101,P43818,2026-03-05T17:56:41.319137,skill_clear_loss,skill,clear_loss,5,53.09,45.9,55.9,2.19,hit,loss
102,P55916,2026-03-05T18:21:38.788659,luck_near_miss,luck,near_miss,1,50,43,51,3,hit,hit
103,P55916,2026-03-05T18:21:52.316628,luck_near_miss,luck,near_miss,2,57,51,59,2,hit,hit
104,P55916,2026-03-05T18:22:06.991423,luck_near_miss,luck,near_miss,3,82,28,36,50,loss,loss
105,P55916,2026-03-05T18:22:20.148938,luck_near_miss,luck,near_miss,4,81,72,80,5,near_miss,near_miss
106,P55916,2026-03-05T18:22:33.912114,luck_near_miss,luck,near_miss,5,53,54,62,5,near_miss,near_miss
107,P26586,2026-03-05T18:30:56.165431,skill_clear_loss,skill,clear_loss,1,74.34,40.65,50.65,28.69,loss,loss
108,P26586,2026-03-05T18:31:04.026433,skill_clear_loss,skill,clear_loss,2,50.69,31.08,41.08,14.6,near_miss,loss
109,P26586,2026-03-05T18:31:13.177509,skill_clear_loss,skill,clear_loss,3,5.09,42.18,52.18,42.1,loss,loss
110,P26586,2026-03-05T18:31:25.910263,skill_clear_loss,skill,clear_loss,4,71.26,39.89,49.89,26.37,loss,loss
111,P26586,2026-03-05T18:31:46.440791,skill_clear_loss,skill,clear_loss,5,55.83,49.32,59.32,1.51,hit,loss
135,P30133,2026-03-05T19:15:06.273052,skill_near_miss,skill,near_miss,1,19.14,41.14,51.14,27,loss,loss
136,P30133,2026-03-05T19:15:16.901262,skill_near_miss,skill,near_miss,2,83.26,44.56,54.56,33.7,loss,loss
137,P30133,2026-03-05T19:15:27.434558,skill_near_miss,skill,near_miss,3,26.69,48.86,58.86,27.17,loss,loss
138,P30133,2026-03-05T19:15:38.135135,skill_near_miss,skill,near_miss,4,8.51,37.49,47.49,33.98,loss,near_miss
139,P30133,2026-03-05T19:15:48.721625,skill_near_miss,skill,near_miss,5,43.83,35.91,45.91,2.92,hit,near_miss
214,P46661,2026-03-05T19:43:25.430136,luck_clear_loss,luck,clear_loss,1,32,28,36,0,hit,hit
224,P46661,2026-03-05T19:43:41.212790,luck_clear_loss,luck,clear_loss,2,23,74,82,45,loss,loss
228,P46661,2026-03-05T19:43:53.460249,luck_clear_loss,luck,clear_loss,3,92,53,61,35,loss,loss
229,P46661,2026-03-05T19:44:05.744517,luck_clear_loss,luck,clear_loss,4,10,40,48,34,loss,loss
230,P46661,2026-03-05T19:44:17.611121,luck_clear_loss,luck,clear_loss,5,10,40,48,34,loss,loss
264,P30262,2026-03-05T19:53:24.811011,luck_near_miss,luck,near_miss,1,15,70,78,41,loss,loss
265,P30262,2026-03-05T19:53:36.381336,luck_near_miss,luck,near_miss,2,65,17,25,44,loss,loss
266,P30262,2026-03-05T19:53:48.037615,luck_near_miss,luck,near_miss,3,98,61,69,33,loss,loss
267,P30262,2026-03-05T19:53:59.197583,luck_near_miss,luck,near_miss,4,50,40,48,6,near_miss,near_miss
268,P30262,2026-03-05T19:54:11.748512,luck_near_miss,luck,near_miss,5,38,40,48,6,near_miss,near_miss
269,P62672,2026-03-05T20:04:07.805272,luck_clear_loss,luck,clear_loss,1,1,52,60,45,loss,loss
270,P62672,2026-03-05T20:04:22.233556,luck_clear_loss,luck,clear_loss,2,78,41,49,33,loss,loss
271,P62672,2026-03-05T20:04:33.997111,luck_clear_loss,luck,clear_loss,3,58,21,29,33,loss,loss
272,P62672,2026-03-05T20:04:45.638944,luck_clear_loss,luck,clear_loss,4,10,40,48,34,loss,loss
273,P62672,2026-03-05T20:04:57.789420,luck_clear_loss,luck,clear_loss,5,10,40,48,34,loss,loss
274,P35952,2026-03-06T05:05:30.612060,skill_clear_loss,skill,clear_loss,1,81.89,47.24,57.24,29.64,loss,loss
275,P35952,2026-03-06T05:05:39.552036,skill_clear_loss,skill,clear_loss,2,79.49,43.17,53.17,31.32,loss,loss
276,P35952,2026-03-06T05:05:47.713937,skill_clear_loss,skill,clear_loss,3,9.89,47.75,57.75,42.86,loss,loss
277,P35952,2026-03-06T05:05:56.535034,skill_clear_loss,skill,clear_loss,4,19.49,40.98,50.98,26.49,loss,loss
278,P35952,2026-03-06T05:06:04.828997,skill_clear_loss,skill,clear_loss,5,29.77,34.25,44.25,9.48,near_miss,loss
279,P96058,2026-03-06T11:12:02.341111,skill_near_miss,skill,near_miss,1,32.51,34.04,44.04,6.52,near_miss,loss
280,P79424,2026-03-06T12:44:45.697617,skill_clear_loss,skill,clear_loss,1,65.43,49.32,59.32,11.11,near_miss,loss
281,P79424,2026-03-06T12:44:54.844649,skill_clear_loss,skill,clear_loss,2,47.94,38.45,48.45,4.49,hit,hit
282,P79424,2026-03-06T12:45:04.395081,skill_clear_loss,skill,clear_loss,3,27.03,36.26,46.26,14.23,near_miss,loss
283,P79424,2026-03-06T12:45:12.062818,skill_clear_loss,skill,clear_loss,4,82.57,44.35,54.35,33.22,loss,loss
284,P79424,2026-03-06T12:45:20.184401,skill_clear_loss,skill,clear_loss,5,71.26,32.28,42.28,33.98,loss,loss
285,P84532,2026-03-06T12:54:09.322754,luck_near_miss,luck,near_miss,1,2,57,65,41,loss,loss
286,P84532,2026-03-06T12:54:43.479399,luck_near_miss,luck,near_miss,2,13,64,72,45,loss,loss
287,P84532,2026-03-06T12:54:57.457664,luck_near_miss,luck,near_miss,3,92,41,49,47,loss,loss
288,P84532,2026-03-06T12:55:12.261479,luck_near_miss,luck,near_miss,4,50,40,48,6,near_miss,near_miss
289,P84532,2026-03-06T12:55:26.742457,luck_near_miss,luck,near_miss,5,38,40,48,6,near_miss,near_miss
290,P64641,2026-03-06T12:55:54.267003,skill_near_miss,skill,near_miss,1,66.8,43.11,53.11,18.69,near_miss,loss
291,P64641,2026-03-06T12:56:01.528092,skill_near_miss,skill,near_miss,2,31.49,47.4,57.4,20.91,loss,loss
292,P64641,2026-03-06T12:56:08.571876,skill_near_miss,skill,near_miss,3,86,48.04,58.04,32.96,loss,loss
293,P64641,2026-03-06T12:56:16.414613,skill_near_miss,skill,near_miss,4,47.94,33.49,43.49,9.45,near_miss,near_miss
294,P64641,2026-03-06T12:56:26.287040,skill_near_miss,skill,near_miss,5,75.03,33.46,43.46,36.57,loss,near_miss
300,P90746,2026-03-06T13:10:02.089363,luck_clear_loss,luck,clear_loss,1,10,65,73,41,loss,loss
301,P90746,2026-03-06T13:10:14.216341,luck_clear_loss,luck,clear_loss,2,71,19,27,48,loss,loss
302,P90746,2026-03-06T13:10:26.054985,luck_clear_loss,luck,clear_loss,3,54,18,26,32,loss,loss
303,P90746,2026-03-06T13:10:38.474365,luck_clear_loss,luck,clear_loss,4,10,40,48,34,loss,loss
304,P90746,2026-03-06T13:10:50.634907,luck_clear_loss,luck,clear_loss,5,10,40,48,34,loss,loss
319,P82680,2026-03-06T13:16:59.201006,skill_clear_loss,skill,clear_loss,1,15.37,33,43,22.63,loss,loss
320,P82680,2026-03-06T13:17:05.608624,skill_clear_loss,skill,clear_loss,2,17.77,30.38,40.38,17.61,near_miss,loss
321,P82680,2026-03-06T13:17:12.107447,skill_clear_loss,skill,clear_loss,3,68.86,44.87,54.87,18.99,near_miss,loss
322,P26335,2026-03-06T13:17:16.016730,luck_near_miss,luck,near_miss,1,91,39,47,48,loss,loss
323,P82680,2026-03-06T13:17:18.023319,skill_clear_loss,skill,clear_loss,4,33.54,44.97,54.97,16.43,near_miss,loss
324,P82680,2026-03-06T13:17:24.086379,skill_clear_loss,skill,clear_loss,5,32.86,32.91,42.91,5.05,near_miss,loss
325,P26335,2026-03-06T13:17:28.398094,luck_near_miss,luck,near_miss,2,85,39,47,42,loss,loss
326,P26335,2026-03-06T13:17:40.591972,luck_near_miss,luck,near_miss,3,75,24,32,47,loss,loss
327,P35102,2026-03-06T13:17:46.773481,skill_near_miss,skill,near_miss,1,90.8,33.02,43.02,52.78,loss,loss
328,P26335,2026-03-06T13:17:52.060586,luck_near_miss,luck,near_miss,4,49,40,48,5,near_miss,near_miss
329,P35102,2026-03-06T13:17:54.648993,skill_near_miss,skill,near_miss,2,67.83,30.68,40.68,32.15,loss,loss
330,P35102,2026-03-06T13:18:01.566843,skill_near_miss,skill,near_miss,3,78.8,48.26,58.26,25.54,loss,loss
331,P26335,2026-03-06T13:18:04.314006,luck_near_miss,luck,near_miss,5,39,40,48,5,near_miss,near_miss
332,P35102,2026-03-06T13:18:08.101681,skill_near_miss,skill,near_miss,4,91.83,49.42,59.42,37.41,loss,near_miss
333,P35102,2026-03-06T13:18:16.471831,skill_near_miss,skill,near_miss,5,91.83,37.84,47.84,48.98,loss,near_miss
334,P81438,2026-03-06T13:19:59.315409,luck_clear_loss,luck,clear_loss,1,6,68,76,34,loss,loss
335,P57917,2026-03-06T13:20:07.524011,luck_clear_loss,luck,clear_loss,1,81,35,43,42,loss,loss
336,P57917,2026-03-06T13:20:20.412307,luck_clear_loss,luck,clear_loss,2,89,49,57,36,loss,loss
337,P57917,2026-03-06T13:20:32.912022,luck_clear_loss,luck,clear_loss,3,73,68,76,1,hit,hit
338,P57917,2026-03-06T13:20:46.422316,luck_clear_loss,luck,clear_loss,4,10,40,48,34,loss,loss
339,P57917,2026-03-06T13:20:59.999984,luck_clear_loss,luck,clear_loss,5,10,40,48,34,loss,loss
340,P81438,2026-03-06T13:24:46.144041,luck_clear_loss,luck,clear_loss,2,10,64,72,42,loss,loss
341,P81438,2026-03-06T13:24:58.732725,luck_clear_loss,luck,clear_loss,3,78,31,39,43,loss,loss
342,P81438,2026-03-06T13:25:10.442691,luck_clear_loss,luck,clear_loss,4,10,40,48,34,loss,loss
343,P81438,2026-03-06T13:25:26.190702,luck_clear_loss,luck,clear_loss,5,10,40,48,34,loss,loss
344,P17108,2026-03-06T13:52:35.213987,skill_near_miss,skill,near_miss,1,10.91,32.42,42.42,26.51,loss,loss
345,P17108,2026-03-06T13:52:41.683582,skill_near_miss,skill,near_miss,2,82.23,42.36,52.36,34.87,loss,loss
346,P17108,2026-03-06T13:52:48.196115,skill_near_miss,skill,near_miss,3,95.6,30.17,40.17,60.43,loss,loss
347,P17108,2026-03-06T13:52:56.619021,skill_near_miss,skill,near_miss,4,22.91,32.5,42.5,14.58,near_miss,near_miss
348,P17108,2026-03-06T13:53:04.078793,skill_near_miss,skill,near_miss,5,82.23,36.97,46.97,40.26,loss,near_miss
349,P28287,2026-03-06T14:10:22.297749,luck_near_miss,luck,near_miss,1,41,38,46,1,hit,hit
350,P28287,2026-03-06T14:10:35.248727,luck_near_miss,luck,near_miss,2,17,69,77,44,loss,loss
351,P28287,2026-03-06T14:10:47.420787,luck_near_miss,luck,near_miss,3,66,64,72,2,hit,hit
352,P28287,2026-03-06T14:11:00.383263,luck_near_miss,luck,near_miss,4,49,40,48,5,near_miss,near_miss
353,P28287,2026-03-06T14:11:13.616602,luck_near_miss,luck,near_miss,5,39,40,48,5,near_miss,near_miss
354,P19978,2026-03-06T14:26:32.974380,skill_clear_loss,skill,clear_loss,1,12.97,46.55,56.55,38.57,loss,loss
355,P19978,2026-03-06T14:26:51.645106,skill_clear_loss,skill,clear_loss,2,2.34,48.88,58.88,51.54,loss,loss
356,P19978,2026-03-06T14:27:00.066475,skill_clear_loss,skill,clear_loss,3,24.29,45.2,55.2,25.91,loss,loss
357,P19978,2026-03-06T14:27:06.082945,skill_clear_loss,skill,clear_loss,4,43.14,37.12,47.12,1.03,hit,loss
358,P19978,2026-03-06T14:27:15.548851,skill_clear_loss,skill,clear_loss,5,68.17,39.41,49.41,23.76,loss,loss
359,P86100,2026-03-06T14:48:20.570113,skill_clear_loss,skill,clear_loss,1,66.8,41.03,51.03,20.77,loss,loss
360,P86100,2026-03-06T14:48:28.258829,skill_clear_loss,skill,clear_loss,2,48.63,44.14,54.14,0.51,hit,hit
361,P86100,2026-03-06T14:48:37.481212,skill_clear_loss,skill,clear_loss,3,42.46,33.1,43.1,4.36,hit,hit
362,P86100,2026-03-06T14:48:47.152383,skill_clear_loss,skill,clear_loss,4,77.77,48.5,58.5,24.27,loss,loss
363,P86100,2026-03-06T14:48:56.305073,skill_clear_loss,skill,clear_loss,5,49.31,47.74,57.74,3.42,hit,loss
364,P47795,2026-03-06T15:36:06.528364,skill_near_miss,skill,near_miss,1,34.23,33.33,43.33,4.1,hit,hit
365,P47795,2026-03-06T15:36:20.464564,skill_near_miss,skill,near_miss,2,77.43,38.84,48.84,33.59,loss,loss
366,P47795,2026-03-06T15:36:26.973950,skill_near_miss,skill,near_miss,3,50.34,35.5,45.5,9.84,near_miss,loss
367,P47795,2026-03-06T15:36:35.644341,skill_near_miss,skill,near_miss,4,16.06,31.54,41.54,20.48,loss,near_miss
368,P47795,2026-03-06T15:36:47.749412,skill_near_miss,skill,near_miss,5,93.89,47.73,57.73,41.16,loss,near_miss
369,P58438,2026-03-06T16:06:41.317270,luck_clear_loss,luck,clear_loss,1,96,59,67,33,loss,loss
370,P58438,2026-03-06T16:06:54.020193,luck_clear_loss,luck,clear_loss,2,79,24,32,49,loss,loss
371,P58438,2026-03-06T16:07:06.215986,luck_clear_loss,luck,clear_loss,3,89,42,50,43,loss,loss
372,P58438,2026-03-06T16:07:19.076167,luck_clear_loss,luck,clear_loss,4,10,40,48,34,loss,loss
373,P58438,2026-03-06T16:07:31.232202,luck_clear_loss,luck,clear_loss,5,10,40,48,34,loss,loss
374,P84258,2026-03-06T17:15:21.998713,luck_near_miss,luck,near_miss,1,83,45,53,34,loss,loss
375,P84258,2026-03-06T17:15:36.099674,luck_near_miss,luck,near_miss,2,88,49,57,35,loss,loss
376,P84258,2026-03-06T17:15:47.903536,luck_near_miss,luck,near_miss,3,34,32,40,2,hit,hit
377,P84258,2026-03-06T17:16:00.400380,luck_near_miss,luck,near_miss,4,49,40,48,5,near_miss,near_miss
378,P84258,2026-03-06T17:16:12.988477,luck_near_miss,luck,near_miss,5,39,40,48,5,near_miss,near_miss
379,P53432,2026-03-06T18:45:50.736545,luck_clear_loss,luck,clear_loss,1,82,34,42,44,loss,loss
380,P91890,2026-03-06T18:46:00.913225,skill_clear_loss,skill,clear_loss,1,3.03,39.88,49.88,41.85,loss,loss
381,P53432,2026-03-06T18:46:03.651266,luck_clear_loss,luck,clear_loss,2,19,18,26,3,hit,hit
382,P91890,2026-03-06T18:46:06.342223,skill_clear_loss,skill,clear_loss,2,83.26,36.43,46.43,41.83,loss,loss
383,P91890,2026-03-06T18:46:14.050774,skill_clear_loss,skill,clear_loss,3,61.66,33.32,43.32,23.33,loss,loss
384,P53432,2026-03-06T18:46:15.446653,luck_clear_loss,luck,clear_loss,3,53,17,25,32,loss,loss
385,P91890,2026-03-06T18:46:22.213179,skill_clear_loss,skill,clear_loss,4,79.49,42.3,52.3,32.19,loss,loss
386,P64831,2026-03-06T18:46:26.774710,skill_near_miss,skill,near_miss,1,24.63,40.77,50.77,21.15,loss,loss
387,P53432,2026-03-06T18:46:26.858685,luck_clear_loss,luck,clear_loss,4,10,40,48,34,loss,loss
388,P91890,2026-03-06T18:46:29.407119,skill_clear_loss,skill,clear_loss,5,76.4,39.77,49.77,31.63,loss,loss
389,P64831,2026-03-06T18:46:36.794723,skill_near_miss,skill,near_miss,2,6.46,41.73,51.73,40.27,loss,loss
390,P53432,2026-03-06T18:46:38.478481,luck_clear_loss,luck,clear_loss,5,10,40,48,34,loss,loss
391,P64831,2026-03-06T18:46:43.157416,skill_near_miss,skill,near_miss,3,5.77,36.44,46.44,35.67,loss,loss
392,P35859,2026-03-06T18:46:49.311661,luck_clear_loss,luck,clear_loss,1,63,58,66,1,hit,hit
393,P64831,2026-03-06T18:46:49.934008,skill_near_miss,skill,near_miss,4,16.06,37.89,47.89,26.83,loss,near_miss
394,P33963,2026-03-06T18:46:50.667823,luck_near_miss,luck,near_miss,1,12,70,78,38,loss,loss
395,P64831,2026-03-06T18:46:59.180183,skill_near_miss,skill,near_miss,5,9.54,45.81,55.81,41.27,loss,near_miss
396,P35859,2026-03-06T18:47:01.442528,luck_clear_loss,luck,clear_loss,2,75,36,44,35,loss,loss
397,P33963,2026-03-06T18:47:04.335596,luck_near_miss,luck,near_miss,2,93,54,62,35,loss,loss
398,P35859,2026-03-06T18:47:13.130154,luck_clear_loss,luck,clear_loss,3,70,16,24,50,loss,loss
399,P33963,2026-03-06T18:47:20.284016,luck_near_miss,luck,near_miss,3,6,68,76,34,loss,loss
400,P35859,2026-03-06T18:47:25.269460,luck_clear_loss,luck,clear_loss,4,10,40,48,34,loss,loss
401,P33963,2026-03-06T18:47:32.500173,luck_near_miss,luck,near_miss,4,49,40,48,5,near_miss,near_miss
402,P35859,2026-03-06T18:47:37.767418,luck_clear_loss,luck,clear_loss,5,10,40,48,34,loss,loss
403,P33963,2026-03-06T18:47:48.007378,luck_near_miss,luck,near_miss,5,39,40,48,5,near_miss,near_miss
404,P83648,2026-03-06T18:59:29.896118,skill_clear_loss,skill,clear_loss,1,68.86,38.43,48.43,25.43,loss,loss
405,P83648,2026-03-06T18:59:36.783792,skill_clear_loss,skill,clear_loss,2,32.86,44.68,54.68,16.82,near_miss,loss
406,P83648,2026-03-06T18:59:44.101127,skill_clear_loss,skill,clear_loss,3,87.37,42.26,52.26,40.11,loss,loss
407,P83648,2026-03-06T18:59:51.533347,skill_clear_loss,skill,clear_loss,4,83.26,30.11,40.11,48.15,loss,loss
408,P83648,2026-03-06T18:59:59.731957,skill_clear_loss,skill,clear_loss,5,96.63,46.47,56.47,45.15,loss,loss
409,P22181,2026-03-06T19:02:41.039990,skill_near_miss,skill,near_miss,1,22.23,35.52,45.52,18.3,near_miss,loss
410,P22181,2026-03-06T19:02:52.747228,skill_near_miss,skill,near_miss,2,93.54,39.73,49.73,48.81,loss,loss
411,P22181,2026-03-06T19:02:58.932690,skill_near_miss,skill,near_miss,3,2.34,46.55,56.55,49.2,loss,loss
412,P22181,2026-03-06T19:03:05.239611,skill_near_miss,skill,near_miss,4,19.49,33.13,43.13,18.64,near_miss,near_miss
413,P22181,2026-03-06T19:03:12.491168,skill_near_miss,skill,near_miss,5,62.69,31.01,41.01,26.67,loss,near_miss
414,P35424,2026-03-06T19:03:45.876447,skill_near_miss,skill,near_miss,1,49.66,47.77,57.77,3.11,hit,hit
415,P35424,2026-03-06T19:03:59.257594,skill_near_miss,skill,near_miss,2,15.37,35.72,45.72,25.35,loss,loss
416,P38368,2026-03-06T19:04:07.707126,luck_clear_loss,luck,clear_loss,1,83,37,45,42,loss,loss
417,P35424,2026-03-06T19:04:15.071532,skill_near_miss,skill,near_miss,3,11.26,47.53,57.53,41.28,loss,loss
418,P38368,2026-03-06T19:04:21.557015,luck_clear_loss,luck,clear_loss,2,70,22,30,44,loss,loss
419,P35424,2026-03-06T19:04:31.782049,skill_near_miss,skill,near_miss,4,76.4,30.44,40.44,40.96,loss,near_miss
420,P38368,2026-03-06T19:04:35.300711,luck_clear_loss,luck,clear_loss,3,63,60,68,1,hit,hit
421,P35424,2026-03-06T19:04:43.923120,skill_near_miss,skill,near_miss,5,57.2,39.61,49.61,12.59,near_miss,near_miss
422,P38368,2026-03-06T19:04:49.000297,luck_clear_loss,luck,clear_loss,4,10,40,48,34,loss,loss
423,P38368,2026-03-06T19:05:01.929364,luck_clear_loss,luck,clear_loss,5,10,40,48,34,loss,loss
424,P57826,2026-03-06T19:14:47.967162,luck_near_miss,luck,near_miss,1,11,70,78,37,loss,loss
425,P57826,2026-03-06T19:15:06.099389,luck_near_miss,luck,near_miss,2,71,24,32,43,loss,loss
426,P57826,2026-03-06T19:15:20.536386,luck_near_miss,luck,near_miss,3,74,23,31,47,loss,loss
427,P57826,2026-03-06T19:15:34.428514,luck_near_miss,luck,near_miss,4,49,40,48,5,near_miss,near_miss
428,P57826,2026-03-06T19:15:50.213370,luck_near_miss,luck,near_miss,5,39,40,48,5,near_miss,near_miss
429,P31574,2026-03-06T19:18:48.042852,luck_near_miss,luck,near_miss,1,24,22,30,2,hit,hit
430,P31574,2026-03-06T19:19:02.378979,luck_near_miss,luck,near_miss,2,24,73,81,47,loss,loss
431,P36643,2026-03-06T19:19:06.786783,skill_clear_loss,skill,clear_loss,1,71.6,36.49,46.49,30.11,loss,loss
432,P36643,2026-03-06T19:19:13.077651,skill_clear_loss,skill,clear_loss,2,81.2,48,58,28.2,loss,loss
433,P36643,2026-03-06T19:19:20.266706,skill_clear_loss,skill,clear_loss,3,59.94,40.47,50.47,14.48,near_miss,loss
434,P31574,2026-03-06T19:19:21.524163,luck_near_miss,luck,near_miss,3,76,26,34,46,loss,loss
435,P36643,2026-03-06T19:19:26.978047,skill_clear_loss,skill,clear_loss,4,55.83,32.77,42.77,18.06,near_miss,loss
436,P36643,2026-03-06T19:19:33.636954,skill_clear_loss,skill,clear_loss,5,36.63,45.53,55.53,13.91,near_miss,loss
437,P31574,2026-03-06T19:19:33.796581,luck_near_miss,luck,near_miss,4,49,40,48,5,near_miss,near_miss
438,P31574,2026-03-06T19:19:46.737605,luck_near_miss,luck,near_miss,5,39,40,48,5,near_miss,near_miss
439,P15919,2026-03-06T19:37:52.703004,skill_near_miss,skill,near_miss,1,37.31,35.57,45.57,3.26,hit,hit
440,P15919,2026-03-06T19:38:13.870799,skill_near_miss,skill,near_miss,2,40.06,36.63,46.63,1.58,hit,hit
441,P15919,2026-03-06T19:38:33.832276,skill_near_miss,skill,near_miss,3,61.31,49.82,59.82,6.49,near_miss,loss
442,P15919,2026-03-06T19:38:59.991859,skill_near_miss,skill,near_miss,4,52.74,35.56,45.56,12.18,near_miss,near_miss
443,P15919,2026-03-06T19:39:34.321103,skill_near_miss,skill,near_miss,5,78.11,37.86,47.86,35.25,loss,near_miss
444,P22043,2026-03-06T19:45:06.036996,skill_near_miss,skill,near_miss,1,35.94,49.17,59.17,18.23,near_miss,loss
445,P22043,2026-03-06T19:45:26.574546,skill_near_miss,skill,near_miss,2,84.63,43.14,53.14,36.49,loss,loss
446,P22043,2026-03-06T19:45:32.305884,skill_near_miss,skill,near_miss,3,17.77,44.99,54.99,32.22,loss,loss
447,P22043,2026-03-06T19:45:40.367164,skill_near_miss,skill,near_miss,4,55.83,46.43,56.43,4.39,hit,near_miss
448,P22043,2026-03-06T19:45:49.038273,skill_near_miss,skill,near_miss,5,58.23,31.49,41.49,21.74,loss,near_miss
449,P66533,2026-03-06T19:46:28.057681,skill_clear_loss,skill,clear_loss,1,67.83,43.91,53.91,18.91,near_miss,loss
450,P66533,2026-03-06T19:46:42.285951,skill_clear_loss,skill,clear_loss,2,92.51,40.56,50.56,46.96,loss,loss
451,P66533,2026-03-06T19:46:48.947653,skill_clear_loss,skill,clear_loss,3,19.14,33.23,43.23,19.08,near_miss,loss
452,P66533,2026-03-06T19:46:55.563368,skill_clear_loss,skill,clear_loss,4,68.86,44.99,54.99,18.87,near_miss,loss
453,P66533,2026-03-06T19:47:01.428879,skill_clear_loss,skill,clear_loss,5,13.31,39.5,49.5,31.18,loss,loss
454,P77417,2026-03-06T20:28:52.096786,luck_clear_loss,luck,clear_loss,1,45,43,51,2,hit,hit
455,P77417,2026-03-06T20:29:04.774001,luck_clear_loss,luck,clear_loss,2,13,69,77,40,loss,loss
456,P77417,2026-03-06T20:29:17.364292,luck_clear_loss,luck,clear_loss,3,24,70,78,50,loss,loss
457,P77417,2026-03-06T20:29:30.128766,luck_clear_loss,luck,clear_loss,4,10,40,48,34,loss,loss
458,P77417,2026-03-06T20:29:43.298477,luck_clear_loss,luck,clear_loss,5,10,40,48,34,loss,loss
459,P97505,2026-03-06T20:35:10.301155,luck_near_miss,luck,near_miss,1,82,42,50,36,loss,loss
460,P97505,2026-03-06T20:35:28.615266,luck_near_miss,luck,near_miss,2,96,45,53,47,loss,loss
461,P97505,2026-03-06T20:35:41.292157,luck_near_miss,luck,near_miss,3,2,66,74,32,loss,loss
462,P97505,2026-03-06T20:35:53.395313,luck_near_miss,luck,near_miss,4,49,40,48,5,near_miss,near_miss
463,P97505,2026-03-06T20:36:08.120405,luck_near_miss,luck,near_miss,5,39,40,48,5,near_miss,near_miss
464,P94639,2026-03-06T20:40:12.532417,skill_near_miss,skill,near_miss,1,19.14,31.42,41.42,17.28,near_miss,loss
465,P31126,2026-03-06T20:42:27.022137,skill_clear_loss,skill,clear_loss,1,47.26,45.31,55.31,3.05,hit,hit
466,P31126,2026-03-06T20:42:39.544793,skill_clear_loss,skill,clear_loss,2,48.29,43.97,53.97,0.68,hit,hit
467,P31126,2026-03-06T20:42:52.222749,skill_clear_loss,skill,clear_loss,3,18.11,49.59,59.59,36.48,loss,loss
468,P31126,2026-03-06T20:43:01.616156,skill_clear_loss,skill,clear_loss,4,72.97,41.5,51.5,26.48,loss,loss
469,P31126,2026-03-06T20:43:09.948818,skill_clear_loss,skill,clear_loss,5,41.77,36.5,46.5,0.27,hit,loss
470,P99822,2026-03-06T20:59:00.398218,skill_near_miss,skill,near_miss,1,57.54,34.42,44.42,18.13,near_miss,loss
471,P99822,2026-03-06T20:59:10.844689,skill_near_miss,skill,near_miss,2,44.86,46.61,56.61,6.75,near_miss,loss
472,P99822,2026-03-06T20:59:17.825230,skill_near_miss,skill,near_miss,3,69.89,42.83,52.83,22.05,loss,loss
473,P99822,2026-03-06T20:59:25.303582,skill_near_miss,skill,near_miss,4,61.66,48.71,58.71,7.95,near_miss,near_miss
474,P99822,2026-03-06T20:59:33.692623,skill_near_miss,skill,near_miss,5,41.43,46.55,56.55,10.12,near_miss,near_miss
475,P54923,2026-03-06T21:01:32.953637,luck_near_miss,luck,near_miss,1,36,35,43,3,hit,hit
476,P54923,2026-03-06T21:01:46.988513,luck_near_miss,luck,near_miss,2,61,18,26,39,loss,loss
477,P54923,2026-03-06T21:02:00.292213,luck_near_miss,luck,near_miss,3,58,19,27,35,loss,loss
478,P54923,2026-03-06T21:02:12.922627,luck_near_miss,luck,near_miss,4,49,40,48,5,near_miss,near_miss
479,P54923,2026-03-06T21:02:26.737771,luck_near_miss,luck,near_miss,5,39,40,48,5,near_miss,near_miss
480,P20334,2026-03-06T21:23:37.313090,luck_clear_loss,luck,clear_loss,1,94,55,63,35,loss,loss
481,P20334,2026-03-06T21:23:49.485590,luck_clear_loss,luck,clear_loss,2,72,17,25,49,loss,loss
482,P20334,2026-03-06T21:24:01.922743,luck_clear_loss,luck,clear_loss,3,83,38,46,41,loss,loss
483,P20334,2026-03-06T21:24:13.966465,luck_clear_loss,luck,clear_loss,4,10,40,48,34,loss,loss
484,P20334,2026-03-06T21:24:25.810392,luck_clear_loss,luck,clear_loss,5,10,40,48,34,loss,loss
485,P18871,2026-03-06T21:31:05.275220,skill_near_miss,skill,near_miss,1,74.69,30.82,40.82,38.86,loss,loss
486,P18871,2026-03-06T21:31:11.357367,skill_near_miss,skill,near_miss,2,73.66,49.92,59.92,18.73,near_miss,loss
487,P18871,2026-03-06T21:31:19.125412,skill_near_miss,skill,near_miss,3,90.11,33.37,43.37,51.75,loss,loss
488,P18871,2026-03-06T21:31:26.035633,skill_near_miss,skill,near_miss,4,78.8,41.46,51.46,32.34,loss,near_miss
489,P18871,2026-03-06T21:31:33.719653,skill_near_miss,skill,near_miss,5,83.26,47.95,57.95,30.3,loss,near_miss
490,P15832,2026-03-06T21:51:07.361100,luck_clear_loss,luck,clear_loss,1,85,35,43,46,loss,loss
491,P15832,2026-03-06T21:51:21.674527,luck_clear_loss,luck,clear_loss,2,77,31,39,42,loss,loss
492,P15832,2026-03-06T21:51:33.878273,luck_clear_loss,luck,clear_loss,3,25,18,26,3,hit,hit
493,P15832,2026-03-06T21:51:51.033644,luck_clear_loss,luck,clear_loss,4,10,40,48,34,loss,loss
494,P15832,2026-03-06T21:52:07.497999,luck_clear_loss,luck,clear_loss,5,10,40,48,34,loss,loss
495,P40059,2026-03-06T22:11:38.444633,skill_near_miss,skill,near_miss,1,44.17,47.48,57.48,8.31,near_miss,loss
496,P40059,2026-03-06T22:11:55.726239,skill_near_miss,skill,near_miss,2,65.09,44.05,54.05,16.03,near_miss,loss
497,P40059,2026-03-06T22:12:34.419825,skill_near_miss,skill,near_miss,3,77.09,43.98,53.98,28.11,loss,loss
498,P40059,2026-03-06T22:12:47.157116,skill_near_miss,skill,near_miss,4,31.49,35.46,45.46,8.98,near_miss,near_miss
499,P40059,2026-03-06T22:12:55.531452,skill_near_miss,skill,near_miss,5,93.54,42.35,52.35,46.19,loss,near_miss
500,P93156,2026-03-06T23:07:21.109563,luck_clear_loss,luck,clear_loss,1,75,24,32,47,loss,loss
501,P93156,2026-03-06T23:07:32.679817,luck_clear_loss,luck,clear_loss,2,86,32,40,50,loss,loss
502,P93156,2026-03-06T23:07:43.935799,luck_clear_loss,luck,clear_loss,3,96,48,56,44,loss,loss
503,P93156,2026-03-06T23:07:55.092833,luck_clear_loss,luck,clear_loss,4,10,40,48,34,loss,loss
504,P93156,2026-03-06T23:08:06.465444,luck_clear_loss,luck,clear_loss,5,10,40,48,34,loss,loss
505,P37902,2026-03-07T01:00:08.321153,skill_near_miss,skill,near_miss,1,71.26,43.87,53.87,22.38,loss,loss
506,P37902,2026-03-07T01:00:18.117779,skill_near_miss,skill,near_miss,2,64.4,42.02,52.02,17.38,near_miss,loss
507,P37902,2026-03-07T01:00:29.682157,skill_near_miss,skill,near_miss,3,59.26,49.82,59.82,4.44,hit,hit
508,P37902,2026-03-07T01:00:38.333943,skill_near_miss,skill,near_miss,4,44.51,32.16,42.16,7.36,near_miss,near_miss
509,P37902,2026-03-07T01:00:54.032511,skill_near_miss,skill,near_miss,5,71.6,45.06,55.06,21.54,loss,near_miss
510,P11767,2026-03-07T06:13:19.209128,luck_near_miss,luck,near_miss,1,80,36,44,40,loss,loss
511,P11767,2026-03-07T06:13:30.871142,luck_near_miss,luck,near_miss,2,60,19,27,37,loss,loss
512,P11767,2026-03-07T06:13:42.168213,luck_near_miss,luck,near_miss,3,65,16,24,45,loss,loss
513,P11767,2026-03-07T06:13:54.599589,luck_near_miss,luck,near_miss,4,49,40,48,5,near_miss,near_miss
514,P11767,2026-03-07T06:14:27.552602,luck_near_miss,luck,near_miss,5,39,40,48,5,near_miss,near_miss
515,P23515,2026-03-07T06:45:24.696811,skill_clear_loss,skill,clear_loss,1,28.4,45.14,55.14,21.74,loss,loss
516,P23515,2026-03-07T06:45:31.614727,skill_clear_loss,skill,clear_loss,2,39.71,49.92,59.92,15.21,near_miss,loss
517,P23515,2026-03-07T06:45:38.693927,skill_clear_loss,skill,clear_loss,3,72.29,49.44,59.44,17.84,near_miss,loss
518,P23515,2026-03-07T06:45:45.431858,skill_clear_loss,skill,clear_loss,4,74.34,36.77,46.77,32.57,loss,loss
519,P23515,2026-03-07T06:45:52.176890,skill_clear_loss,skill,clear_loss,5,63.03,49.29,59.29,8.74,near_miss,loss
520,P94137,2026-03-07T08:35:25.322939,skill_clear_loss,skill,clear_loss,1,89.43,36.43,46.43,48,loss,loss
521,P94137,2026-03-07T08:35:31.770827,skill_clear_loss,skill,clear_loss,2,14.34,37.67,47.67,28.33,loss,loss
522,P94137,2026-03-07T08:35:41.167034,skill_clear_loss,skill,clear_loss,3,77.43,42.94,52.94,29.49,loss,loss
523,P94137,2026-03-07T08:35:54.598282,skill_clear_loss,skill,clear_loss,4,91.14,39.13,49.13,47.01,loss,loss
524,P94137,2026-03-07T08:36:08.861919,skill_clear_loss,skill,clear_loss,5,5.09,39.56,49.56,39.48,loss,loss
525,P15432,2026-03-07T08:40:23.638506,luck_near_miss,luck,near_miss,1,9,73,81,32,loss,loss
526,P15432,2026-03-07T08:40:40.688865,luck_near_miss,luck,near_miss,2,56,19,27,33,loss,loss
527,P15432,2026-03-07T08:40:53.724638,luck_near_miss,luck,near_miss,3,9,63,71,42,loss,loss
528,P15432,2026-03-07T08:41:07.608643,luck_near_miss,luck,near_miss,4,49,40,48,5,near_miss,near_miss
529,P15432,2026-03-07T08:41:28.548840,luck_near_miss,luck,near_miss,5,39,40,48,5,near_miss,near_miss
530,P98472,2026-03-07T08:45:30.783658,luck_near_miss,luck,near_miss,1,72,34,42,34,loss,loss
531,P98472,2026-03-07T08:45:44.804784,luck_near_miss,luck,near_miss,2,85,40,48,41,loss,loss
532,P98472,2026-03-07T08:45:56.529487,luck_near_miss,luck,near_miss,3,90,39,47,47,loss,loss
533,P98472,2026-03-07T08:46:08.895443,luck_near_miss,luck,near_miss,4,49,40,48,5,near_miss,near_miss
534,P98472,2026-03-07T08:46:22.216956,luck_near_miss,luck,near_miss,5,39,40,48,5,near_miss,near_miss
535,P21617,2026-03-07T09:18:53.748557,luck_clear_loss,luck,clear_loss,1,74,28,36,42,loss,loss
536,P21617,2026-03-07T09:19:06.786586,luck_clear_loss,luck,clear_loss,2,97,61,69,32,loss,loss
537,P21617,2026-03-07T09:19:18.303103,luck_clear_loss,luck,clear_loss,3,95,42,50,49,loss,loss
538,P21617,2026-03-07T09:19:30.258744,luck_clear_loss,luck,clear_loss,4,10,40,48,34,loss,loss
539,P21617,2026-03-07T09:19:43.509253,luck_clear_loss,luck,clear_loss,5,10,40,48,34,loss,loss
540,P65491,2026-03-07T09:33:26.097405,skill_near_miss,skill,near_miss,1,42.46,36.92,46.92,0.54,hit,hit
541,P65491,2026-03-07T09:33:38.886507,skill_near_miss,skill,near_miss,2,53.77,42.76,52.76,6.01,near_miss,loss
542,P65491,2026-03-07T09:33:57.587091,skill_near_miss,skill,near_miss,3,53.77,49.7,59.7,0.93,hit,hit
543,P65491,2026-03-07T09:34:19.738132,skill_near_miss,skill,near_miss,4,60.63,45.57,55.57,10.05,near_miss,near_miss
544,P65491,2026-03-07T09:34:36.909131,skill_near_miss,skill,near_miss,5,32.17,33.95,43.95,6.78,near_miss,near_miss
545,P54708,2026-03-07T09:39:51.041027,luck_clear_loss,luck,clear_loss,1,2,66,74,32,loss,loss
546,P54708,2026-03-07T09:40:03.541716,luck_clear_loss,luck,clear_loss,2,94,52,60,38,loss,loss
547,P54708,2026-03-07T09:40:15.429515,luck_clear_loss,luck,clear_loss,3,77,26,34,47,loss,loss
548,P54708,2026-03-07T09:40:27.011143,luck_clear_loss,luck,clear_loss,4,10,40,48,34,loss,loss
549,P54708,2026-03-07T09:40:40.735707,luck_clear_loss,luck,clear_loss,5,10,40,48,34,loss,loss
550,P49251,2026-03-07T09:55:06.115173,luck_near_miss,luck,near_miss,1,0,50,58,46,loss,loss
551,P49251,2026-03-07T09:55:21.148693,luck_near_miss,luck,near_miss,2,14,61,69,49,loss,loss
552,P32448,2026-03-07T10:19:14.603083,skill_clear_loss,skill,clear_loss,1,5.77,37.85,47.85,37.08,loss,loss
553,P32448,2026-03-07T10:19:21.926308,skill_clear_loss,skill,clear_loss,2,17.09,39.5,49.5,27.42,loss,loss
554,P32448,2026-03-07T10:19:29.397316,skill_clear_loss,skill,clear_loss,3,4.4,37,47,37.6,loss,loss
555,P32448,2026-03-07T10:19:35.482665,skill_clear_loss,skill,clear_loss,4,6.8,40.54,50.54,38.74,loss,loss
556,P32448,2026-03-07T10:19:41.301412,skill_clear_loss,skill,clear_loss,5,55.14,42.54,52.54,7.6,near_miss,loss
557,P26754,2026-03-07T11:36:07.974040,skill_near_miss,skill,near_miss,1,54.8,33.53,43.53,16.27,near_miss,loss
558,P26754,2026-03-07T11:36:21.313362,skill_near_miss,skill,near_miss,2,61.66,39.71,49.71,16.95,near_miss,loss
559,P26754,2026-03-07T11:36:28.472557,skill_near_miss,skill,near_miss,3,86.34,41.85,51.85,39.49,loss,loss
560,P26754,2026-03-07T11:36:46.462048,skill_near_miss,skill,near_miss,4,17.43,33.81,43.81,21.38,loss,near_miss
561,P26754,2026-03-07T11:36:59.929952,skill_near_miss,skill,near_miss,5,5.43,42.42,52.42,42,loss,near_miss
562,P21453,2026-03-07T12:55:50.571480,luck_near_miss,luck,near_miss,1,82,33,41,45,loss,loss
563,P21453,2026-03-07T12:56:03.728264,luck_near_miss,luck,near_miss,2,81,44,52,33,loss,loss
564,P21453,2026-03-07T12:56:15.961288,luck_near_miss,luck,near_miss,3,67,21,29,42,loss,loss
565,P21453,2026-03-07T12:56:27.281938,luck_near_miss,luck,near_miss,4,49,40,48,5,near_miss,near_miss
566,P21453,2026-03-07T12:56:40.450499,luck_near_miss,luck,near_miss,5,39,40,48,5,near_miss,near_miss
567,P53524,2026-03-07T12:58:43.558658,luck_near_miss,luck,near_miss,1,14,69,77,41,loss,loss
568,P53524,2026-03-07T12:58:56.453755,luck_near_miss,luck,near_miss,2,1,62,70,35,loss,loss
569,P53524,2026-03-07T12:59:08.449304,luck_near_miss,luck,near_miss,3,11,56,64,49,loss,loss
570,P53524,2026-03-07T12:59:19.903561,luck_near_miss,luck,near_miss,4,49,40,48,5,near_miss,near_miss
571,P53524,2026-03-07T12:59:33.184471,luck_near_miss,luck,near_miss,5,39,40,48,5,near_miss,near_miss
572,P85878,2026-03-07T13:03:08.770752,luck_clear_loss,luck,clear_loss,1,1,48,56,49,loss,loss
573,P85878,2026-03-07T13:03:23.116317,luck_clear_loss,luck,clear_loss,2,43,40,48,1,hit,hit
574,P85878,2026-03-07T13:03:37.308469,luck_clear_loss,luck,clear_loss,3,78,40,48,34,loss,loss
575,P85878,2026-03-07T13:03:50.400567,luck_clear_loss,luck,clear_loss,4,10,40,48,34,loss,loss
576,P85878,2026-03-07T13:04:04.517785,luck_clear_loss,luck,clear_loss,5,10,40,48,34,loss,loss
577,P45372,2026-03-07T13:44:23.827684,skill_near_miss,skill,near_miss,1,71.94,37.78,47.78,29.16,loss,loss
578,P45372,2026-03-07T13:44:31.089913,skill_near_miss,skill,near_miss,2,4.74,37.17,47.17,37.43,loss,loss
579,P45372,2026-03-07T13:44:36.956911,skill_near_miss,skill,near_miss,3,25.31,35.8,45.8,15.49,near_miss,loss
580,P45372,2026-03-07T13:44:43.969160,skill_near_miss,skill,near_miss,4,13.66,37.17,47.17,28.51,loss,near_miss
581,P45372,2026-03-07T13:44:53.700368,skill_near_miss,skill,near_miss,5,59.94,43.07,53.07,11.88,near_miss,near_miss
582,P50125,2026-03-07T15:02:33.426942,skill_clear_loss,skill,clear_loss,1,56.86,47.39,57.39,4.46,hit,hit
583,P50125,2026-03-07T15:02:41.328456,skill_clear_loss,skill,clear_loss,2,57.89,45.9,55.9,6.99,near_miss,loss
584,P50125,2026-03-07T15:02:50.570092,skill_clear_loss,skill,clear_loss,3,51.03,45.03,55.03,1,hit,hit
585,P50125,2026-03-07T15:03:40.654046,skill_clear_loss,skill,clear_loss,4,67.83,30.02,40.02,32.81,loss,loss
586,P50125,2026-03-07T15:03:57.022895,skill_clear_loss,skill,clear_loss,5,35.26,41.35,51.35,11.1,near_miss,loss
587,P75068,2026-03-07T15:09:29.459743,skill_near_miss,skill,near_miss,1,55.83,44.05,54.05,6.78,near_miss,loss
588,P75068,2026-03-07T15:09:40.955655,skill_near_miss,skill,near_miss,2,3.03,37.15,47.15,39.12,loss,loss
589,P75068,2026-03-07T15:09:49.218354,skill_near_miss,skill,near_miss,3,82.57,49.85,59.85,27.72,loss,loss
590,P75068,2026-03-07T15:09:58.023463,skill_near_miss,skill,near_miss,4,49.31,49.67,59.67,5.36,near_miss,near_miss
591,P75068,2026-03-07T15:10:06.170016,skill_near_miss,skill,near_miss,5,60.63,49.73,59.73,5.9,near_miss,near_miss
592,P62643,2026-03-07T15:37:44.141833,luck_near_miss,luck,near_miss,1,92,45,53,43,loss,loss
593,P62643,2026-03-07T15:37:59.715377,luck_near_miss,luck,near_miss,2,89,51,59,34,loss,loss
594,P62643,2026-03-07T15:38:13.705583,luck_near_miss,luck,near_miss,3,76,35,43,37,loss,loss
595,P62643,2026-03-07T15:38:24.528746,luck_near_miss,luck,near_miss,4,49,40,48,5,near_miss,near_miss
596,P62643,2026-03-07T15:38:36.819165,luck_near_miss,luck,near_miss,5,39,40,48,5,near_miss,near_miss
597,P94038,2026-03-07T16:18:55.513779,luck_clear_loss,luck,clear_loss,1,76,34,42,38,loss,loss
598,P94038,2026-03-07T16:19:07.838494,luck_clear_loss,luck,clear_loss,2,15,66,74,45,loss,loss
599,P94038,2026-03-07T16:19:19.052824,luck_clear_loss,luck,clear_loss,3,97,50,58,43,loss,loss
600,P94038,2026-03-07T16:19:30.218741,luck_clear_loss,luck,clear_loss,4,10,40,48,34,loss,loss
601,P94038,2026-03-07T16:19:42.749476,luck_clear_loss,luck,clear_loss,5,10,40,48,34,loss,loss
602,P17527,2026-03-07T17:03:12.648096,luck_near_miss,luck,near_miss,1,76,28,36,44,loss,loss
603,P17527,2026-03-07T17:03:28.159557,luck_near_miss,luck,near_miss,2,29,74,82,49,loss,loss
604,P17527,2026-03-07T17:03:42.361218,luck_near_miss,luck,near_miss,3,65,15,23,46,loss,loss
605,P17527,2026-03-07T17:04:01.342954,luck_near_miss,luck,near_miss,4,49,40,48,5,near_miss,near_miss
606,P17527,2026-03-07T17:04:19.656823,luck_near_miss,luck,near_miss,5,39,40,48,5,near_miss,near_miss
607,P74789,2026-03-07T17:11:49.378790,skill_clear_loss,skill,clear_loss,1,83.26,34.41,44.41,43.85,loss,loss
608,P74789,2026-03-07T17:12:06.859161,skill_clear_loss,skill,clear_loss,2,62.69,44.04,54.04,13.65,near_miss,loss
609,P74789,2026-03-07T17:12:21.781486,skill_clear_loss,skill,clear_loss,3,32.17,30.94,40.94,3.76,hit,hit
610,P74789,2026-03-07T17:12:34.139799,skill_clear_loss,skill,clear_loss,4,90.46,49.88,59.88,35.58,loss,loss
611,P74789,2026-03-07T17:12:51.988567,skill_clear_loss,skill,clear_loss,5,54.11,38.25,48.25,10.86,near_miss,loss
612,P48292,2026-03-07T17:36:35.839472,skill_near_miss,skill,near_miss,1,92.17,38,48,49.17,loss,loss
613,P48292,2026-03-07T17:36:44.023769,skill_near_miss,skill,near_miss,2,54.8,32.05,42.05,17.75,near_miss,loss
614,P48292,2026-03-07T17:36:56.092270,skill_near_miss,skill,near_miss,3,70.23,35.52,45.52,29.71,loss,loss
615,P48292,2026-03-07T17:37:01.549384,skill_near_miss,skill,near_miss,4,72.63,38.8,48.8,28.83,loss,near_miss
616,P48292,2026-03-07T17:37:12.033024,skill_near_miss,skill,near_miss,5,95.6,35.34,45.34,55.26,loss,near_miss
617,P85905,2026-03-07T18:09:50.055754,luck_clear_loss,luck,clear_loss,1,67,61,69,2,hit,hit
618,P85905,2026-03-07T18:10:13.863020,luck_clear_loss,luck,clear_loss,2,40,37,45,1,hit,hit
619,P85905,2026-03-07T18:10:43.029147,luck_clear_loss,luck,clear_loss,3,3,59,67,40,loss,loss
620,P85905,2026-03-07T18:11:25.113021,luck_clear_loss,luck,clear_loss,4,10,40,48,34,loss,loss
621,P85905,2026-03-07T18:11:45.043912,luck_clear_loss,luck,clear_loss,5,10,40,48,34,loss,loss
622,P99785,2026-03-07T20:28:42.941276,luck_near_miss,luck,near_miss,1,72,22,30,46,loss,loss
623,P99785,2026-03-07T20:29:01.012765,luck_near_miss,luck,near_miss,2,15,64,72,47,loss,loss
624,P99785,2026-03-07T20:29:12.106358,luck_near_miss,luck,near_miss,3,84,37,45,43,loss,loss
625,P99785,2026-03-07T20:29:23.643959,luck_near_miss,luck,near_miss,4,49,40,48,5,near_miss,near_miss
626,P99785,2026-03-07T20:29:36.054340,luck_near_miss,luck,near_miss,5,39,40,48,5,near_miss,near_miss
627,P41860,2026-03-08T04:38:52.860667,skill_clear_loss,skill,clear_loss,1,88.74,43.65,53.65,40.09,loss,loss
628,P41860,2026-03-08T04:39:00.362538,skill_clear_loss,skill,clear_loss,2,22.57,46.09,56.09,28.52,loss,loss
629,P41860,2026-03-08T04:39:14.277354,skill_clear_loss,skill,clear_loss,3,90.46,46.7,56.7,38.76,loss,loss
630,P41860,2026-03-08T04:39:20.143840,skill_clear_loss,skill,clear_loss,4,7.14,42.69,52.69,40.54,loss,loss
631,P41860,2026-03-08T04:39:30.025376,skill_clear_loss,skill,clear_loss,5,74.34,41.16,51.16,28.18,loss,loss
632,P46983,2026-03-08T04:49:55.015708,skill_clear_loss,skill,clear_loss,1,89.09,41.87,51.87,42.22,loss,loss
633,P46983,2026-03-08T04:50:03.926875,skill_clear_loss,skill,clear_loss,2,74,33.66,43.66,35.34,loss,loss
634,P46983,2026-03-08T04:50:14.519319,skill_clear_loss,skill,clear_loss,3,78.11,38.51,48.51,34.61,loss,loss
635,P46983,2026-03-08T04:50:22.217734,skill_clear_loss,skill,clear_loss,4,47.94,37.33,47.33,5.61,near_miss,loss
636,P46983,2026-03-08T04:50:30.981496,skill_clear_loss,skill,clear_loss,5,76.74,46.53,56.53,25.21,loss,loss
